Date Article,Période,Année Courante,Année Précédente,Évolution (%)
2024-05-03,Janvier,13.67,14.82,-7.8
2024-05-03,Février,15.07,18.03,-16.4
2024-05-03,Mars,15.00,15.76,-4.8
2024-05-03,Avril,12.00,18.61,-35.5
2024-05-03,quatre premiers mois,55.75,67.21,-17.1
2024-05-03,Année glissante (de mai n-1 à avril n),168.93,168.51,+0.2
2024-04-02,Janvier,13.67,14.82,-7.8
2024-04-02,Février,15.07,18.03,-16.4
2024-04-02,Mars,15.00,15.76,-4.8
2024-04-02,trois premiers mois,43.74,48.60,-10.0
2024-04-02,Année glissante (d'avril n-1 à mars n),175.53,163.70,+7.2
2023-11-02,janvier,14.81,10.67,+38.7
2023-11-02,février,18.02,13.02,+38.4
2023-11-02,mars,15.80,13.29,+18.8
2023-11-02,avril,18.52,13.80,+34.2
2023-11-02,mai,13.76,11.17,+23.2
2023-11-02,juin,10.26,11.13,-7.8
2023-11-02,juillet,18.22,13.79,+32.1
2023-11-02,août,15.91,10.46,+52.1
2023-11-02,septembre,8.78,7.56,+16.1
2023-11-02,octobre,13.86,14.41,-3.9
2023-11-02,dix premiers mois,147.93,119.30,+24.0
2023-11-02,année glissante (de novembre n-1 à octobre n),180.65,153.51,+17.7
2023-08-02,janvier,14.81,10.67,+38.7
2023-08-02,février,18.02,13.02,+38.4
2023-08-02,mars,15.80,13.29,+18.8
2023-08-02,avril,18.49,13.80,+34.0
2023-08-02,mai,13.69,11.17,+22.6
2023-08-02,juin,9.81,11.13,-11.8
2023-08-02,juillet,18.38,13.79,+33.3
2023-08-02,sept premiers mois,108.99,86.87,+25.5
2023-08-02,année glissante (de août n-1 à juillet n),174.15,155.96,+11.7
2023-09-04,janvier,14.81,10.67,+38.7
2023-09-04,février,18.02,13.02,+38.4
2023-09-04,mars,15.80,13.29,+18.8
2023-09-04,avril,18.49,13.80,+34.0
2023-09-04,mai,13.69,11.17,+22.6
2023-09-04,juin,9.81,11.13,-11.8
2023-09-04,juillet,18.38,13.79,+33.3
2023-09-04,août,15.91,10.46,+52.1
2023-09-04,huit premiers mois,124.91,97.33,+28.3
2023-09-04,année glissante (de septembre n-1 à août n),179.60,155.12,+15.8
2023-12-01,janvier,14.81,10.67,+38.7
2023-12-01,février,18.02,13.02,+38.5
2023-12-01,mars,15.80,13.29,+18.8
2023-12-01,avril,18.53,13.80,+34.3
2023-12-01,mai,13.78,11.17,+23.4
2023-12-01,juin,10.27,11.13,-7.7
2023-12-01,juillet,18.21,13.79,+32.1
2023-12-01,août,15.46,10.46,+47.8
2023-12-01,septembre,8.94,7.56,+18.3
2023-12-01,octobre,13.86,14.41,-3.9
2023-12-01,novembre,15.11,14.50,+4.3
2023-12-01,onze premiers mois,162.80,133.80,+21.7
2023-12-01,année glissante (de décembre n-1 à novembre n),181.03,153.96,+17.6
2025-02-04,Janvier,13.83,13.71,+0.8
2025-02-04,Année glissante (de février à janvier n),181.11,179.29,+1.0
2024-07-02,Janvier,13.71,14.82,-7.5
2024-07-02,Février,15.07,18.03,-16.4
2024-07-02,Mars,15.19,15.76,-3.6
2024-07-02,Avril,11.87,18.61,-35.2
2024-07-02,Mai,15.62,13.76,+13.6
2024-07-02,Juin,13.18,10.22,+28.9
2024-07-02,Six premiers mois,84.64,91.19,-7.2
2024-07-02,Année glissante (de juillet n-1 à juin n),173.83,170.18,+2.1
2024-06-03,Janvier,13.70,14.82,-7.5
2024-06-03,Février,15.05,18.03,-16.5
2024-06-03,Mars,15.18,15.76,-3.7
2024-06-03,Avril,12.05,18.61,-35.2
2024-06-03,Mai,15.61,13.76,+13.5
2024-06-03,cinq premiers mois,71.60,80.97,-11.6
2024-06-03,Année glissante (de juin n-1 à mai n),171.02,171.09,0.0
2024-12-31,Janvier,13.71,14.82,-7.4
2024-12-31,Février,15.08,18.03,-16.4
2024-12-31,Mars,15.19,15.76,-3.6
2024-12-31,Avril,11.90,18.61,-36.1
2024-12-31,Mai,15.72,13.76,+14.3
2024-12-31,Juin,14.15,10.22,+38.4
2024-12-31,Juillet,17.87,18.30,-2.4
2024-12-31,Août,14.15,15.42,-8.3
2024-12-31,Septembre,10.05,8.95,+12.2
2024-12-31,Octobre,15.30,14.01,+9.2
2024-12-31,Novembre,17.69,15.17,+16.6
2024-12-31,Décembre,20.46,17.34,+18.0
2024-12-31,Cumul annuel,181.27,180.39,+0.5
2025-03-03,Janvier,13.81,13.71,+0.7
2025-03-03,Février,14.48,15.08,-4.0
2025-03-03,Deux premiers mois,28.29,28.79,-1.7
2025-03-03,Année glissante (de mars n-1 à février n),180.50,176.33,+2.4
2024-10-03,Janvier,13.71,14.82,-7.5
2024-10-03,Février,15.07,18.03,-16.4
2024-10-03,Mars,15.19,15.76,-3.6
2024-10-03,Avril,11.89,18.61,-36.1
2024-10-03,Mai,15.72,13.76,+14.3
2024-10-03,Juin,14.15,10.22,+38.4
2024-10-03,Juillet,17.83,18.30,-2.6
2024-10-03,Août,14.27,15.42,-7.5
2024-10-03,Septembre,9.86,8.95,+10.1
2024-10-03,Neuf premiers mois,127.68,133.87,-4.6
2024-10-03,Année glissante (de octobre n-1 à septembre n),174.20,181.04,-3.8
2025-04-03,janvier,13.81,13.71,+0.8
2025-04-03,février,14.51,15.06,-3.7
2025-04-03,mars,12.53,15.19,-17.5
2025-04-03,trois premiers mois,40.85,43.96,-7.1
2025-04-03,année glissante (d’avril n-1 à mars n),178.41,175.79,+1.5
2024-03-04,Janvier,13.54,14.81,-8.6
2024-03-04,Février,15.07,18.03,-16.4
2024-03-04,deux premiers mois,28.61,32.84,-12.9
2024-03-04,Année glissante (de mars n-1 à février n),175.88,161.17,+9.1
2024-01-02,janvier,14.81,10.67,+38.7
2024-01-02,février,18.02,13.02,+38.5
2024-01-02,mars,15.80,13.29,+18.8
2024-01-02,avril,18.53,13.80,+34.3
2024-01-02,mai,13.79,11.17,+23.4
2024-01-02,juin,10.27,11.13,-7.7
2024-01-02,juillet,18.21,13.79,+32.1
2024-01-02,août,15.46,10.46,+47.8
2024-01-02,septembre,8.95,7.56,+18.3
2024-01-02,octobre,13.96,14.41,-3.2
2024-01-02,novembre,15.12,14.50,+4.3
2024-01-02,décembre,17.83,18.22,-2.1
2024-01-02,année,180.76,152.02,+18.9
2024-08-02,janvier,13.71,14.82,-7.5
2024-08-02,février,15.07,18.03,-16.4
2024-08-02,mars,15.19,15.76,-3.6
2024-08-02,avril,11.88,18.61,-36.1
2024-08-02,mai,15.70,13.76,+14.2
2024-08-02,juin,13.21,10.22,+29.2
2024-08-02,juillet,18.71,18.30,+2.2
2024-08-02,sept premiers mois,103.48,109.50,-5.5
2024-08-02,année glissante (d’août n-1 à juillet n),174.37,174.69,-0.2
2023-10-03,janvier,14.81,10.67,+38.7
2023-10-03,février,18.02,13.02,+38.4
2023-10-03,mars,15.80,13.29,+18.8
2023-10-03,avril,18.52,13.80,+34.2
2023-10-03,mai,13.76,11.17,+23.2
2023-10-03,juin,10.26,11.13,-7.8
2023-10-03,juillet,18.22,13.79,+32.1
2023-10-03,août,15.91,10.46,+52.1
2023-10-03,septembre,8.78,7.56,+16.1
2023-10-03,neuf premiers mois,134.08,104.89,+27.8
2023-10-03,année glissante (de octobre n-1 à septembre n),181.21,153.38,+18.1
2024-12-03,janvier,13.71,14.82,-7.5
2024-12-03,février,15.07,18.03,-16.4
2024-12-03,mars,15.19,15.76,-3.6
2024-12-03,avril,11.89,18.61,-36.1
2024-12-03,mai,15.72,13.76,+14.3
2024-12-03,juin,14.15,10.22,+38.4
2024-12-03,juillet,17.83,18.30,-2.6
2024-12-03,août,14.14,15.42,-8.3
2024-12-03,septembre,10.04,8.95,+12.2
2024-12-03,octobre,15.53,14.01,+10.8
2024-12-03,novembre,17.69,15.17,+16.6
2024-12-03,onze premiers mois,161.00,163.05,-1.3
2024-12-03,année glissante (de décembre n-1 à novembre n),178.34,181.29,-1.6
2024-09-02,Janvier,13.71,14.82,-7.5
2024-09-02,Février,15.07,18.03,-16.4
2024-09-02,Mars,15.19,15.76,-3.6
2024-09-02,Avril,11.88,18.61,-36.1
2024-09-02,Mai,15.70,13.76,+14.2
2024-09-02,Juin,13.21,10.22,+29.2
2024-09-02,Juillet,18.71,18.30,+2.2
2024-09-02,Août,14.27,15.42,-7.5
2024-09-02,Huit premiers mois,117.75,124.92,-5.7
2024-09-02,Année glissante (de septembre n-1 à août n),173.22,179.65,-3.6
2024-11-04,Janvier,13.71,14.82,-7.5
2024-11-04,Février,15.07,18.03,-16.4
2024-11-04,Mars,15.19,15.76,-3.6
2024-11-04,Avril,11.89,18.61,-36.1
2024-11-04,Mai,15.72,13.76,+14.3
2024-11-04,Juin,14.15,10.22,+38.4
2024-11-04,Juillet,17.83,18.30,-2.6
2024-11-04,Août,14.27,15.42,-7.5
2024-11-04,Septembre,9.86,8.95,+10.1
2024-11-04,Octobre,15.53,14.01,+10.8
2024-11-04,Dix premiers mois,143.21,147.88,-3.2
2024-11-04,Année glissante (de novembre n-1 à octobre n),175.72,180.63,-2.7
2024-02-02,Janvier,13.54,14.81,-8.6
2024-02-02,Année glissante (de février à janvier n),178.84,156.16,+14.5
2023-02-02,Janvier,15.05,10.66,+41.3
2023-02-02,année glissante (de février n-1 à janvier n),156.57,,-
2022-07-04,janvier,10.65,,-
2022-07-04,février,12.99,,-
2022-07-04,mars,13.34,,-
2022-07-04,avril,13.94,,-
2022-07-04,mai,11.17,3.52,
2022-07-04,juin,10.86,8.62,+26.0
2022-07-04,six premiers mois,72.95,12.15,
2022-07-04,année glissante (de juillet n-1 à juin n),156.27,38.05,
2022-02-03,Janvier,10.71,,-
2022-02-03,année glissante (de février n-1 à janvier n),106.94,50.52,+111.7
2023-06-02,janvier,15.06,10.67,+41.1
2023-06-02,février,18.20,13.02,+39.8
2023-06-02,mars,15.79,13.29,+18.8
2023-06-02,avril,19.07,13.80,+38.2
2023-06-02,mai,14.26,11.17,+27.6
2023-06-02,cinq premiers mois,82.38,61.95,+33.0
2023-06-02,année glissante (de juin n-1 à mai n),172.45,153.93,+12.0
2022-03-03,janvier,10.71,,-
2022-03-03,février,12.94,,-
2022-03-03,deux premiers mois,23.65,,-
2022-03-03,année glissante (de mars n-1 à février n),119.87,32.92,
2023-03-02,Janvier,15.05,10.66,+41.3
2023-03-02,Février,18.20,13.01,+39.9
2023-03-02,deux premiers mois,33.25,23.66,+40.5
2023-03-02,année glissante (de mars n-1 à février n),161.76,,-
2022-11-02,janvier,10.66,,-
2022-11-02,février,13.01,,-
2022-11-02,mars,13.35,,-
2022-11-02,avril,13.72,,-
2022-11-02,mai,11.21,3.52,
2022-11-02,juin,11.16,8.62,+29.5
2022-11-02,juillet,13.70,14.26,-4.0
2022-11-02,août,10.49,11.30,-7.2
2022-11-02,septembre,7.38,9.31,-20.7
2022-11-02,octobre,14.26,14.27,-0.1
2022-11-02,neuf premiers mois,118.93,61.28,
2022-11-02,année glissante (de novembre n-1 à octobre n),153.11,61.29,
2021-11-02,janvier,,14.71,-
2021-11-02,février,,17.60,-
2021-11-02,mars,,5.95,-
2021-11-02,avril,,0.00,-
2021-11-02,mai,3.52,0.00,
2021-11-02,juin,8.55,1.11,+668.2
2021-11-02,juillet,14.31,4.81,+197.5
2021-11-02,août,11.23,6.68,+67.9
2021-11-02,septembre,9.21,5.62,+63.7
2021-11-02,octobre,14.00,8.72,+60.5
2021-11-02,dix premiers mois,60.82,65.22,-6.7
2021-11-02,année glissante (de novembre n-1 à octobre n),60.82,107.82,-43.6
2022-06-02,janvier,10.65,,-
2022-06-02,février,12.99,,-
2022-06-02,mars,13.34,,-
2022-06-02,avril,13.94,,-
2022-06-02,mai,11.17,3.52,
2022-06-02,cinq premiers mois,62.09,3.52,
2022-06-02,année glissante (de juin n-1 à mai n),154.03,30.54,
2022-10-03,janvier,10.65,,-
2022-10-03,février,13.00,,-
2022-10-03,mars,13.35,,-
2022-10-03,avril,13.70,,-
2022-10-03,mai,11.17,3.52,
2022-10-03,juin,10.99,8.62,+27.5
2022-10-03,juillet,14.06,14.26,-1.4
2022-10-03,août,10.66,11.30,-5.6
2022-10-03,septembre,7.38,9.31,-20.7
2022-10-03,neuf premiers mois,104.97,47.01,
2022-10-03,année glissante (d’octobre n-1 à septembre n),153.42,55.77,
2023-04-03,Janvier,15.06,10.66,+41.4
2023-04-03,Février,18.20,13.01,+39.9
2023-04-03,Mars,15.77,13.36,+18.1
2023-04-03,Trois premiers mois,49.03,37.02,+32.4
2023-04-03,Année glissante (de mars n-1 à février n),164.18,132.48,+23.9
2023-05-02,janvier,15.06,10.67,+41.1
2023-05-02,février,18.20,13.02,+39.8
2023-05-02,mars,15.79,13.29,+18.8
2023-05-02,avril,19.01,13.80,+37.8
2023-05-02,quatre premiers mois,68.07,50.78,+34.0
2023-05-02,année glissante (de mai n-1 à avril n),169.31,146.27,+15.7
2022-08-02,janvier,10.65,,-
2022-08-02,février,13.00,,-
2022-08-02,mars,13.35,,-
2022-08-02,avril,13.70,,-
2022-08-02,mai,11.17,3.52,
2022-08-02,juin,10.99,8.62,+27.5
2022-08-02,juillet,13.94,14.26,-2.3
2022-08-02,sept premiers mois,86.80,26.41,
2022-08-02,année glissante (d'août n-1 à juillet n),155.86,47.48,
2022-12-02,janvier,10.66,,-
2022-12-02,février,13.01,,-
2022-12-02,mars,13.35,,-
2022-12-02,avril,13.72,,-
2022-12-02,mai,11.21,3.52,
2022-12-02,juin,11.16,8.62,+29.5
2022-12-02,juillet,13.72,14.26,-3.8
2022-12-02,août,10.49,11.30,-7.1
2022-12-02,septembre,7.52,9.31,-19.1
2022-12-02,octobre,14.26,14.27,-0.1
2022-12-02,novembre,14.78,14.05,+5.2
2022-12-02,onze premiers mois,133.88,75.33,
2022-12-02,année glissante (de décembre n-1 à novembre n),154.02,75.33,
2023-07-03,janvier,14.81,10.67,+38.7
2023-07-03,février,18.01,13.02,+38.4
2023-07-03,mars,15.80,13.29,+18.8
2023-07-03,avril,19.07,13.80,+38.2
2023-07-03,mai,14.26,11.17,+27.6
2023-07-03,juin,9.93,11.13,-10.8
2023-07-03,six premiers mois,91.87,73.08,+25.7
2023-07-03,année glissante (de juillet n-1 à juin n),170.81,156.44,+9.2
2021-12-30,Janvier,,14.71,-
2021-12-30,Février,,17.60,-
2021-12-30,Mars,,5.95,-
2021-12-30,Avril,,,-
2021-12-30,Mai,3.52,,-
2021-12-30,Juin,8.55,1.11,
2021-12-30,Juillet,14.33,4.81,+197.9
2021-12-30,Août,11.24,6.68,+68.1
2021-12-30,Septembre,9.27,5.62,+64.8
2021-12-30,Octobre,14.32,8.72,+64.2
2021-12-30,Novembre,14.47,,-
2021-12-30,Décembre,20.43,,-
2021-12-30,année,96.17,65.22,+47.4
2022-04-04,janvier,10.72,,-
2022-04-04,février,12.99,,-
2022-04-04,mars,13.19,,-
2022-04-04,trois premiers mois,36.90,,-
2022-04-04,année glissante (de avril n-1 à mars n),133.12,26.97,
2023-01-02,Janvier,10.66,,-
2023-01-02,Février,13.01,,-
2023-01-02,Mars,13.36,,-
2023-01-02,Avril,13.72,,-
2023-01-02,Mai,11.21,3.52,-
2023-01-02,Juin,11.16,8.62,+29.5
2023-01-02,Juillet,13.72,14.26,-3.8
2023-01-02,Août,10.49,11.30,-7.1
2023-01-02,Septembre,7.52,9.31,-19.1
2023-01-02,Octobre,14.35,14.27,+0.5
2023-01-02,Novembre,14.78,14.05,+5.2
2023-01-02,Décembre,17.98,20.14,-10.7
2023-01-02,année,151.97,95.47,+59.2
2021-12-02,janvier,,14.71,-
2021-12-02,février,,17.60,-
2021-12-02,mars,,5.95,-
2021-12-02,avril,,,-
2021-12-02,mai,3.52,,
2021-12-02,juin,8.55,1.11,+668.2
2021-12-02,juillet,14.31,4.81,+197.5
2021-12-02,août,11.23,6.68,+67.9
2021-12-02,septembre,9.21,5.62,+63.7
2021-12-02,octobre,14.14,8.72,+62.1
2021-12-02,novembre,14.47,,
2021-12-02,onze premiers mois,75.29,65.22,+15.4
2021-12-02,année glissante (de décembre n-1 à novembre n),75.29,87.46,-13.9
2022-09-05,janvier,10.65,,-
2022-09-05,février,13.00,,-
2022-09-05,mars,13.35,,-
2022-09-05,avril,13.70,,-
2022-09-05,mai,11.17,3.52,
2022-09-05,juin,10.99,8.62,+27.5
2022-09-05,juillet,14.06,14.26,-1.4
2022-09-05,août,10.66,11.30,-5.6
2022-09-05,huit premiers mois,97.58,37.71,
2022-09-05,année glissante (de septembre n-1 à août n),155.34,52.09,
2022-05-03,janvier,10.64,,-
2022-05-03,février,12.98,,-
2022-05-03,mars,13.19,,-
2022-05-03,avril,13.90,,-
2022-05-03,quatre premiers mois,50.71,,-
2022-05-03,année glissante (de mai n-1 à avril n),146.17,27.03,
2019-07-05,janvier,18.28,18.29,0.0
2019-07-05,février,21.91,22.48,-2.6
2019-07-05,mars,18.74,20.86,-10.2
2019-07-05,avril,17.99,18.08,-0.5
2019-07-05,mai,15.25,13.92,+9.5
2019-07-05,juin,12.40,10.02,+23.7
2019-07-05,premier semestre,104.56,103.65,+0.9
2019-07-05,année glissante (de juillet n-1 à juin n),202.10,208.06,-2.9
2019-11-08,janvier,18.30,18.29,+0.1
2019-11-08,février,21.95,22.48,-2.4
2019-11-08,mars,18.76,20.86,-10.1
2019-11-08,avril,18.04,18.08,-0.2
2019-11-08,mai,15.42,13.92,+10.8
2019-11-08,juin,12.46,10.02,+24.4
2019-11-08,juillet,18.23,13.94,+30.7
2019-11-08,août,16.10,14.65,+9.9
2019-11-08,septembre,11.17,10.85,+3.0
2019-11-08,octobre,19.81,18.33,+8.0
2019-11-08,dix premiers mois,170.24,161.43,+5.5
2019-11-08,année glissante (de novembre n-1 à octobre n),210.00,202.48,+3.7
2021-10-04,janvier,,14.71,-
2021-10-04,février,,17.60,-
2021-10-04,mars,,5.95,-
2021-10-04,avril,,0.00,-
2021-10-04,mai,3.52,0.00,+105377.5
2021-10-04,juin,8.54,1.11,+667.8
2021-10-04,juillet,14.30,4.81,+197.3
2021-10-04,août,11.28,6.68,+68.7
2021-10-04,septembre,9.00,5.62,+60.0
2021-10-04,neuf premiers mois,46.65,56.50,-17.4
2021-10-04,année glissante (de octobre n-1 à septembre n),55.37,119.03,-53.5
2019-12-06,janvier,18.30,18.29,+0.1
2019-12-06,février,21.95,22.48,-2.4
2019-12-06,mars,18.76,20.86,-10.1
2019-12-06,avril,18.04,18.08,-0.2
2019-12-06,mai,15.42,13.92,+10.8
2019-12-06,juin,12.46,10.02,+24.4
2019-12-06,juillet,18.23,13.94,+30.7
2019-12-06,août,16.11,14.65,+10.0
2019-12-06,septembre,11.19,10.85,+3.1
2019-12-06,octobre,19.81,18.33,+8.0
2019-12-06,novembre,20.28,18.71,+8.4
2019-12-06,onze premiers mois,190.55,180.14,+5.8
2019-12-06,année glissante (de décembre n-1 à novembre n),211.61,203.91,+3.8
2020-10-02,janvier,14.66,18.32,-20.0
2020-10-02,février,17.56,21.96,-20.0
2020-10-02,mars,6.01,18.75,-68.0
2020-10-02,avril,,18.05,
2020-10-02,mai,,15.44,
2020-10-02,juin,1.11,12.48,-91.1
2020-10-02,juillet,4.78,18.26,-73.8
2020-10-02,août,6.52,16.12,-59.5
2020-10-02,septembre,5.51,11.22,-50.9
2020-10-02,neuf premiers mois,56.15,150.60,-62.7
2020-10-02,année glissante (d’octobre n-1 à septembre n),118.62,208.71,-43.2
2021-07-05,janvier,,14.71,-
2021-07-05,février,,17.60,-
2021-07-05,mars,,5.95,-
2021-07-05,avril,,,-
2021-07-05,mai,3.65,,
2021-07-05,juin,8.45,1.11,
2021-07-05,premier semestre,12.10,39.38,-69.3
2021-07-05,année glissante (de juin n-1 à mai n),37.94,147.55,-74.3
2019-12-30,Janvier,18.30,18.29,+0.1
2019-12-30,Février,21.95,22.48,-2.4
2019-12-30,Mars,18.76,20.86,-10.1
2019-12-30,Avril,18.04,18.08,-0.2
2019-12-30,Mai,15.43,13.92,+10.8
2019-12-30,Juin,12.47,10.02,+24.4
2019-12-30,Juillet,18.23,13.94,+30.8
2019-12-30,Août,16.11,14.65,+10.0
2019-12-30,Septembre,11.19,10.85,+3.1
2019-12-30,Octobre,19.81,18.33,+8.1
2019-12-30,Novembre,20.28,18.71,+8.4
2019-12-30,Décembre*,22.68,21.05,+7.7
2019-12-30,Année*,213.27,201.20,+6.0
2020-08-07,janvier,14.62,18.32,-20.2
2020-08-07,février,17.51,21.96,-20.2
2020-08-07,mars,5.97,18.75,-68.2
2020-08-07,avril,,18.05,-
2020-08-07,mai,,15.44,-
2020-08-07,juin,1.18,12.48,
2020-08-07,juillet,4.79,18.26,-73.8
2020-08-07,sept premiers mois,44.06,123.26,-64.3
2020-08-07,année glissante (de août n-1 à juillet n),133.87,206.87,-35.3
2020-09-04,janvier,14.65,18.32,-20.0
2020-09-04,février,17.55,21.96,-20.1
2020-09-04,mars,6.00,18.75,-68.0
2020-09-04,avril,,18.05,
2020-09-04,mai,,15.44,
2020-09-04,juin,1.11,12.48,-91.1
2020-09-04,juillet,4.75,18.26,-74.0
2020-09-04,août,6.76,16.12,-58.1
2020-09-04,huit premiers mois,50.83,139.38,-63.5
2020-09-04,année glissante (de septembre n-1 à août n),124.52,208.34,-40.2
2021-09-02,janvier,,14.71,-
2021-09-02,février,,17.60,-
2021-09-02,mars,,5.95,-
2021-09-02,avril,,0.00,-
2021-09-02,mai,3.51,0.00,
2021-09-02,juin,8.51,1.11,
2021-09-02,juillet,14.18,4.81,+194.6
2021-09-02,août,11.28,6.68,+68.7
2021-09-02,huit premiers mois,37.48,50.87,-26.3
2021-09-02,année glissante (de septembre n-1 à août n),51.83,124.63,-58.4
2019-10-04,janvier,18.30,18.29,+0.1
2019-10-04,février,21.95,22.48,-2.4
2019-10-04,mars,18.76,20.86,-10.1
2019-10-04,avril,18.04,18.08,-0.2
2019-10-04,mai,15.42,13.92,+10.8
2019-10-04,juin,12.45,10.02,+24.3
2019-10-04,juillet,18.19,13.94,+30.5
2019-10-04,août,15.97,14.65,+9.0
2019-10-04,septembre,11.17,10.85,+3.0
2019-10-04,neuf premiers mois,150.24,143.10,+5.0
2019-10-04,année glissante (de septembre n-1 à septembre n),208.34,202.16,+3.1
2019-08-12,janvier,18.30,18.29,+0.1
2019-08-12,février,21.95,22.48,-2.4
2019-08-12,mars,18.76,20.86,-10.1
2019-08-12,avril,18.01,18.08,-0.4
2019-08-12,mai,15.38,13.92,+10.5
2019-08-12,juin,12.43,10.02,+24.1
2019-08-12,juillet,18.21,13.94,+30.6
2019-08-12,sept premiers mois,123.04,117.60,+4.6
2019-08-12,année glissante (d'août n-1 à juillet n),206.64,204.15,+1.2
2020-02-07,Janvier,14.42,18.30,-21.2
2020-02-07,Année glissante (de février n-1 à janvier n),209.44,201.21,+4.1
2020-03-06,Janvier,14.42,18.30,-21.2
2020-03-06,Février,17.68,21.95,-19.5
2020-03-06,Deux premiers mois,32.10,40.25,-20.3
2020-03-06,Année glissante (de mars n-1 à février n),205.16,200.68,+2.2
2020-12-30,Janvier,14.67,18.32,-19.9
2020-12-30,Février,17.58,21.96,-20.0
2020-12-30,Mars,6.01,18.75,-67.9
2020-12-30,Avril,,18.05,-
2020-12-30,Mai,,15.44,-
2020-12-30,Juin,1.11,12.48,-91.1
2020-12-30,Juillet,4.80,18.26,-73.7
2020-12-30,Août,6.70,16.12,-58.5
2020-12-30,Septembre,5.62,11.22,-49.9
2020-12-30,Octobre,8.62,19.91,-56.7
2020-12-30,Novembre,,20.34,-
2020-12-30,Décembre,,22.22,-
2020-12-30,année,65.10,213.07,-69.4
2019-09-09,janvier,18.30,18.29,+0.1
2019-09-09,février,21.96,22.48,-2.4
2019-09-09,mars,18.76,20.86,-10.1
2019-09-09,avril,18.03,18.08,-0.3
2019-09-09,mai,15.41,13.92,+10.7
2019-09-09,juin,12.44,10.02,+24.2
2019-09-09,juillet,18.21,13.94,+30.6
2019-09-09,août,15.85,14.65,+8.2
2019-09-09,huit premiers mois,138.96,132.24,+5.1
2019-09-09,année glissante (de septembre n-1 à août n),207.91,202.59,+2.6
2021-08-04,janvier,,14.71,-
2021-08-04,février,,17.60,-
2021-08-04,mars,,5.95,-
2021-08-04,avril,,,-
2021-08-04,mai,3.65,,
2021-08-04,juin,8.44,1.11,
2021-08-04,juillet,14.12,4.81,+193.4
2021-08-04,sept premiers mois,26.21,44.19,-40.7
2021-08-04,année glissante (de août n-1 à juillet n),47.24,134.08,-64.8
2020-11-03,janvier,14.67,18.32,-19.9
2020-11-03,février,17.58,21.96,-20.0
2020-11-03,mars,6.01,18.75,-67.9
2020-11-03,avril,,18.05,-
2020-11-03,mai,,15.44,-
2020-11-03,juin,1.11,12.48,-91.1
2020-11-03,juillet,4.79,18.26,-73.8
2020-11-03,août,6.68,16.12,-58.6
2020-11-03,septembre,5.55,11.22,-50.5
2020-11-03,octobre,8.52,19.91,-57.2
2020-11-03,dix premiers mois,64.90,170.51,-61.9
2020-11-03,année glissante (de novembre n-1 à octobre n),107.46,210.28,-48.9
2020-04-03,Janvier,14.42,18.33,-21.3
2020-04-03,Février,17.68,21.96,-19.5
2020-04-03,Mars,5.95,18.75,-68.3
2020-04-03,Premier trimestre,38.05,59.04,-35.5
2020-04-03,année glissante (de avril n-1 à mars n),192.04,198.61,-3.3
2019-06-11,janvier,18.28,18.28,0.0
2019-06-11,février,21.88,22.48,-2.6
2019-06-11,mars,18.72,20.86,-10.2
2019-06-11,avril,18.22,18.08,+0.8
2019-06-11,mai,15.25,13.92,+9.6
2019-06-11,cinq premiers mois,92.36,93.61,-1.3
2019-06-11,année glissante (de juin n-1 à mai n),199.84,209.64,-4.7
2017-10-09,Fréquentation totale (millions d’entrées),2017,2016,20172016
2017-10-09,Janvier,16.59,16.74,-0.9
2017-10-09,Février,24.93,26.01,-4.2
2017-10-09,Mars,19.41,19.69,-1.4
2017-10-09,Avril,19.33,18.33,+5.5
2017-10-09,Mai,13.01,14.20,-8.3
2017-10-09,Juin,11.65,11.93,-2.3
2017-10-09,Juillet,17.75,17.57,+1.1
2017-10-09,Août,16.43,15.51,+5.9
2017-10-09,Septembre,11.26,10.03,+12.2
2017-10-09,neuf premiers mois,150.35,150.00,+0.2
2017-10-09,année glissante (de octobre n-1 à septembre n),213.42,211.06,+1.1
2018-07-06,Fréquentation totale (millions d'entrées),2018,2017,20182017
2018-07-06,Janvier,18.28,16.59,+10.2
2018-07-06,Février,22.43,24.95,-10.1
2018-07-06,Mars,20.78,19.39,+7.2
2018-07-06,Avril,17.88,19.39,-7.8
2018-07-06,Mai,13.80,13.04,+5.8
2018-07-06,Juin,9.84,11.66,-15.6
2018-07-06,six premiers mois,103.02,105.01,-1.9
2018-07-06,année glissante (de juillet n-1 à juin n),207.41,211.29,-1.8
2019-02-11,Janvier,18.16,18.30,-0.7
2019-02-11,année glissante (de février n-1 à janvier n),200.70,211.10,-4.9
2018-01-02,Fréquentation totale (millions d'entrées),2017,2016,20172016
2018-01-02,Janvier,16.59,16.74,-0.9
2018-01-02,Février,24.94,26.01,-4.1
2018-01-02,Mars,19.41,19.69,-1.4
2018-01-02,Avril,19.35,18.33,+5.6
2018-01-02,Mai,13.03,14.20,-8.2
2018-01-02,Juin,11.68,11.93,-2.1
2018-01-02,Juillet,17.83,17.57,+1.5
2018-01-02,Août,16.21,15.51,+4.5
2018-01-02,Septembre,11.27,10.03,+12.3
2018-01-02,Octobre,17.93,21.31,-15.9
2018-01-02,Novembre,17.14,17.48,-1.9
2018-01-02,Décembre,23.83,24.28,-1.8
2018-01-02,année,209.22,213.07,-1.8
2018-10-12,Fréquentation totale (millions d’entrées),2018,2017,20182017
2018-10-12,Janvier,18.29,16.59,+10.2
2018-10-12,Février,22.47,24.95,-9.9
2018-10-12,Mars,20.81,19.39,+7.3
2018-10-12,Avril,18.03,19.39,-7.0
2018-10-12,Mai,13.90,13.04,+6.6
2018-10-12,Juin,10.00,11.66,-14.2
2018-10-12,Juillet,14.28,17.86,-20.1
2018-10-12,Août,15.06,16.22,-7.2
2018-10-12,Septembre,10.75,11.28,-4.7
2018-10-12,neuf premiers mois,143.58,150.37,-4.5
2018-10-12,année glissante (de octobre n-1 à septembre n),202.61,213.51,-5.1
2018-09-13,Fréquentation totale (millions d’entrées),2018,2017,20182017
2018-09-13,Janvier,18.29,16.59,+10.2
2018-09-13,Février,22.47,24.95,-9.9
2018-09-13,Mars,20.81,19.39,+7.3
2018-09-13,Avril,18.03,19.39,-7.0
2018-09-13,Mai,13.90,13.04,+6.6
2018-09-13,Juin,10.00,11.66,-14.2
2018-09-13,Juillet,14.28,17.86,-20.1
2018-09-13,Août,15.06,16.22,-7.2
2018-09-13,huit premiers mois,132.83,139.09,-4.5
2018-09-13,année glissante (de septembre n-1 à août n),203.14,212.27,-4.3
2017-11-03,Fréquentation totale (millions d’entrées),2017,2016,20172016
2017-11-03,Janvier,16.59,16.74,-0.9
2017-11-03,Février,24.93,26.01,-4.2
2017-11-03,Mars,19.41,19.69,-1.4
2017-11-03,Avril,19.33,18.33,+5.5
2017-11-03,Mai,13.01,14.20,-8.3
2017-11-03,Juin,11.65,11.93,-2.3
2017-11-03,Juillet,17.75,17.57,+1.1
2017-11-03,Août,16.43,15.51,+5.9
2017-11-03,Septembre,11.26,10.03,+12.2
2017-11-03,Octobre,18.03,21.31,-15.4
2017-11-03,dix premiers mois,168.38,171.31,-1.7
2017-11-03,année glissante (de novembre n-1 à octobre n),210.14,212.83,-1.3
2018-05-07,Fréquentation totale (millions d’entrées),2018,2017,20182017
2018-05-07,Janvier,18.24,16.59,+9.9
2018-05-07,Février,22.36,24.95,-10.4
2018-05-07,Mars,20.50,19.39,+5.7
2018-05-07,Avril,18.29,19.39,-5.7
2018-05-07,quatre premiers mois,79.38,80.31,-1.2
2018-05-07,année glissante (de mai n-1 à avril n),208.47,212.73,-2.0
2018-02-09,Fréquentation totale (millions d'entrées),2018,2017,20182017
2018-02-09,Janvier,18.48,16.59,+11.4
2018-02-09,année glissante (de février n-1 à janvier n),211.11,212.92,-0.8
2018-06-11,Fréquentation totale (millions d'entrées),2018,2017,20182017
2018-06-11,Janvier,18.27,16.59,+10.1
2018-06-11,Février,22.41,24.95,-10.1
2018-06-11,Mars,20.76,19.39,+7.0
2018-06-11,Avril,18.30,19.39,-5.6
2018-06-11,Mai,13.80,13.04,+5.8
2018-06-11,cinq premiers mois,93.54,93.35,+0.2
2018-06-11,année glissante (de juin n-1 à mai n),209.59,211.57,-0.9
2018-11-09,Janvier,18.29,16.59,+10.3
2018-11-09,Février,22.48,24.95,-9.9
2018-11-09,Mars,20.84,19.39,+7.5
2018-11-09,Avril,18.06,19.39,-6.9
2018-11-09,Mai,13.91,13.04,+6.7
2018-11-09,Juin,10.02,11.66,-14.0
2018-11-09,Juillet,13.89,17.86,-22.3
2018-11-09,Août,14.59,16.22,-10.1
2018-11-09,Septembre,10.73,11.28,-4.9
2018-11-09,Octobre,18.60,18.01,+3.2
2018-11-09,dix premiers mois,161.39,168.39,-4.2
2018-11-09,année glissante (de novembre n-1 à octobre n),202.40,210.19,-3.7
2017-09-11,Fréquentation totale (millions d'entrées),2017,2016,20172016
2017-09-11,Janvier,16.58,16.74,-1.0
2017-09-11,Février,24.92,26.01,-4.2
2017-09-11,Mars,19.40,19.69,-1.5
2017-09-11,Avril,19.31,18.33,+5.4
2017-09-11,Mai,13.01,14.20,-8.4
2017-09-11,Juin,11.65,11.93,-2.4
2017-09-11,Juillet,17.53,17.57,-0.2
2017-09-11,Août,16.43,15.51,+5.9
2017-09-11,huit premiers mois,138.82,139.96,-0.8
2017-09-11,année glissante (de septembre n-1 à août n),211.93,210.51,+0.7
2019-04-09,fréquentation totale (millions d’entrées),2019,2018,20192018
2019-04-09,janvier,18.21,18.28,-0.4
2019-04-09,février,22.27,22.48,-0.9
2019-04-09,mars,18.34,20.86,-12.0
2019-04-09,Premier trimestre,58.83,61.61,-4.5
2019-04-09,année glissante (de avril n-1 à mars n),198.30,210.07,-5.6
2018-12-10,Janvier,18.30,16.59,+10.3
2018-12-10,Février,22.47,24.95,-9.9
2018-12-10,Mars,20.84,19.39,+7.5
2018-12-10,Avril,18.06,19.39,-6.8
2018-12-10,Mai,13.91,13.04,+6.7
2018-12-10,Juin,10.02,11.66,-14.0
2018-12-10,Juillet,13.91,17.86,-22.1
2018-12-10,Août,14.60,16.22,-10.0
2018-12-10,Septembre,10.83,11.28,-4.0
2018-12-10,Octobre,18.60,18.01,+3.3
2018-12-10,Novembre,18.16,17.27,+5.1
2018-12-10,onze premiers mois,179.68,185.65,-3.2
2018-12-10,année glissante (de décembre n-1 à novembre n),203.43,209.97,-3.1
2017-12-08,Fréquentation totale (millions d'entrées),2017,2016,20172016
2017-12-08,Janvier,16.59,16.74,-0.9
2017-12-08,Février,24.94,26.01,-4.1
2017-12-08,Mars,19.41,19.69,-1.4
2017-12-08,Avril,19.35,18.33,+5.6
2017-12-08,Mai,13.03,14.20,-8.2
2017-12-08,Juin,11.68,11.93,-2.1
2017-12-08,Juillet,17.82,17.57,+1.5
2017-12-08,Août,16.17,15.51,+4.3
2017-12-08,Septembre,11.25,10.03,+12.1
2017-12-08,Octobre,18.08,21.31,-15.2
2017-12-08,Novembre,17.14,17.48,-1.9
2017-12-08,onze premiers mois,185.47,188.79,-1.8
2017-12-08,année glissante (de décembre n-1 à novembre n),209.75,212.99,-1.5
2018-03-09,Fréquentation totale (millions d'entrées),2018,2017,20172016
2018-03-09,Janvier,18.47,16.59,+11.3
2018-03-09,Février,21.66,24.93,-13.1
2018-03-09,deux premiers mois,40.12,41.52,-3.4
2018-03-09,année glissante (de mars n-1 à février n),207.98,211.84,-1.8
2019-03-08,Fréquentation totale (millions d’entrées),2019,2018,20192018
2019-03-08,Janvier,18.16,18.30,-0.7
2019-03-08,Février,22.27,22.47,-0.9
2019-03-08,deux premiers mois,40.44,40.77,-0.8
2019-03-08,année glissante (de mars n-1 à février n),200.50,208.63,-3.9
2018-04-09,Fréquentation totale (millions d'entrées),2018,2017,20182017
2018-04-09,Janvier,18.47,16.59,+11.3
2018-04-09,Février,21.66,24.95,-13.2
2018-04-09,Mars,20.77,19.39,+7.1
2018-04-09,trois premiers mois,60.89,60.93,-0.1
2018-04-09,année glissante (de avril n-1 à mars n),209.36,211.68,-1.1
2018-12-31,Janvier,18.30,16.59,+10.3
2018-12-31,Février,22.47,24.95,-9.9
2018-12-31,Mars,20.84,19.39,+7.5
2018-12-31,Avril,18.06,19.39,-6.8
2018-12-31,Mai,13.91,13.04,+6.7
2018-12-31,Juin,10.02,11.66,-14.0
2018-12-31,Juillet,13.92,17.86,-22.1
2018-12-31,Août,14.61,16.22,-9.9
2018-12-31,Septembre,10.84,11.28,-3.9
2018-12-31,Octobre,18.27,18.01,+1.4
2018-12-31,Novembre,18.40,17.27,+6.5
2018-12-31,Décembre,20.82,23.74,-12.3
2018-12-31,année,200.47,209.40,-4.3
2019-05-06,janvier,18.21,18.28,-0.4
2019-05-06,février,22.27,22.48,-0.9
2019-05-06,mars,18.34,20.86,-12.0
2019-05-06,avril,18.22,18.08,+0.8
2019-05-06,quatre premiers mois,77.05,79.69,-3.3
2019-05-06,année glissante (de mai n-1 à avril n),198.44,208.76,-4.9
2016-09-09,Fréquentation totale (millions d’entrées),2016,2015,20162015
2016-09-09,Janvier,16.72,16.78,-0.4
2016-09-09,Février,25.99,22.55,+15.3
2016-09-09,Mars,19.72,17.54,+12.5
2016-09-09,Avril,18.29,17.97,+1.8
2016-09-09,Mai,14.16,14.29,-0.9
2016-09-09,Juin,11.82,12.19,-3.1
2016-09-09,Juillet,17.88,18.25,-2.0
2016-09-09,Août,15.80,15.23,+3.8
2016-09-09,huit premiers mois,140.38,134.81,+4.1
2016-09-09,année glissante (de septembre n-1 à août n),210.92,201.99,+4.4
2017-07-06,Fréquentation totale (millions d'entrées),2017,2016,20172016
2017-07-06,Janvier,16.57,16.74,-1.0
2017-07-06,Février,24.89,26.01,-4.3
2017-07-06,Mars,19.38,19.69,-1.6
2017-07-06,Avril,19.26,18.33,+5.1
2017-07-06,Mai,12.93,14.20,-9.0
2017-07-06,Juin,11.91,11.93,-0.1
2017-07-06,semestre,104.94,106.88,-1.8
2017-07-06,année glissante (de juillet n-1 à juin n),211.12,210.91,+0.1
2016-03-07,Fréquentation totale (millions d’entrées),2016,2015,20162015
2016-03-07,janvier,16.58,16.77,-1.1
2016-03-07,février,25.45,22.53,+12.9
2016-03-07,deux premiers mois,42.03,39.30,+6.9
2016-03-07,année glissante (de mars n-1 à février n),208.73,212.99,-2.0
2015-12-04,Fréquentation totale (millions d’entrées),2015,2014,20152014
2015-12-04,Janvier,16.77,17.72,-5.4
2015-12-04,Février,22.54,17.57,+28.2
2015-12-04,Mars,17.56,21.11,-16.8
2015-12-04,Avril,17.95,19.26,-6.8
2015-12-04,Mai,14.29,19.68,-27.4
2015-12-04,Juin,12.20,11.36,+7.4
2015-12-04,Juillet,18.21,15.61,+16.6
2015-12-04,Août,15.20,19.53,-22.2
2015-12-04,Septembre,9.47,9.34,+1.3
2015-12-04,Octobre,19.26,18.49,+4.2
2015-12-04,Novembre,17.42,17.22,+1.2
2015-12-04,onze premiers mois,180.86,186.90,-3.2
2015-12-04,année glissante (de déc n-1 à nov n),202.94,210.90,-3.4
2016-06-06,Fréquentation totale (millions d’entrées),2016,2015,20162015
2016-06-06,Janvier,16.72,16.78,-0.4
2016-06-06,Février,25.99,22.55,+15.2
2016-06-06,Mars,19.72,17.54,+12.5
2016-06-06,Avril,18.28,17.97,+1.7
2016-06-06,Mai,14.15,14.29,-1.0
2016-06-06,Juin,11.94,12.19,-2.1
2016-06-06,1er semestre,106.79,101.33,+5.4
2016-06-06,année glissante (de juillet n-1 à juin n),210.81,203.67,+3.5
2016-04-08,Fréquentation totale (millions d’entrées),2016,2015,20162015
2016-04-08,Janvier,16.64,16.78,-0.8
2016-04-08,Février,25.53,22.54,+13.2
2016-04-08,Mars,19.28,17.54,+9.9
2016-04-08,Premier trimestre,61.45,56.87,+8.1
2016-04-08,année glissante (de avril n-1 à mars n),209.87,209.52,+0.2
2017-06-07,Fréquentation totale (millions d'entrées),2017,2016,20172016
2017-06-07,Janvier,16.55,16.74,-1.1
2017-06-07,Février,24.83,26.01,-4.5
2017-06-07,Mars,19.36,19.69,-1.7
2017-06-07,Avril,19.57,18.33,+6.8
2017-06-07,Mai,12.77,14.20,-10.1
2017-06-07,cinq premiers mois,93.08,94.96,-2.0
2017-06-07,année glissante (de juin n-1 à mai n),211.19,211.18,+0.0
2016-02-08,Fréquentation totale (millions d’entrées),2016,2015,20162015
2016-02-08,janvier,16.58,16.77,-1.1
2016-02-08,Année glissante (de février n-1 à janvier n),205.78,208.02,-1.1
2016-12-02,Fréquentation totale (millions d'entrées),2016,2015,20162015
2016-12-02,Janvier,16.72,16.78,-0.4
2016-12-02,Février,25.99,22.55,+15.3
2016-12-02,Mars,19.73,17.54,+12.5
2016-12-02,Avril,18.31,17.97,+1.9
2016-12-02,Mai,14.20,14.29,-0.7
2016-12-02,Juin,11.92,12.19,-2.3
2016-12-02,Juillet,17.63,18.25,-3.4
2016-12-02,Août,15.52,15.23,+1.9
2016-12-02,Septembre,9.98,9.48,+5.2
2016-12-02,Octobre,21.16,19.54,+8.3
2016-12-02,Novembre,17.41,17.32,+0.5
2016-12-02,onze premiers mois,188.69,181.15,+4.2
2016-12-02,année glissante (de décembre n-1 à novembre n),212.88,203.24,+4.7
2016-10-07,Fréquentation totale (millions d’entrées),2016,2015,20162015
2016-10-07,Janvier,16.72,16.78,-0.4
2016-10-07,Février,25.99,22.55,+15.3
2016-10-07,Mars,19.72,17.54,+12.5
2016-10-07,Avril,18.30,17.97,+1.9
2016-10-07,Mai,14.19,14.29,-0.7
2016-10-07,Juin,11.91,12.19,-2.3
2016-10-07,Juillet,17.60,18.25,-3.6
2016-10-07,Août,15.80,15.23,+3.8
2016-10-07,Septembre,9.96,9.48,+5.1
2016-10-07,neuf premiers mois,150.20,144.29,+4.1
2016-10-07,année glissante (de octobre n-1 à septembre n),211.25,202.13,+4.5
2017-02-03,Fréquentation totale (millions d'entrées),2017,2016,20172016
2017-02-03,Janvier,16.64,16.72,-0.4
2017-02-03,année glissante (de février n-1 à janvier n),212.57,205.28,+3.6
2017-08-04,Fréquentation totale (millions d'entrées),2017,2016,20172016
2017-08-04,Janvier,16.57,16.74,-1.0
2017-08-04,Février,24.90,26.01,-4.3
2017-08-04,Mars,19.38,19.69,-1.6
2017-08-04,Avril,19.27,18.33,+5.2
2017-08-04,Mai,12.95,14.20,-8.8
2017-08-04,Juin,11.65,11.93,-2.3
2017-08-04,Juillet,17.63,17.57,+0.3
2017-08-04,sept premiers mois,122.36,124.45,-1.7
2017-08-04,année glissante (de août n-1 à juillet n),210.97,210.23,+0.4
2017-03-03,Fréquentation totale (millions d'entrées),2017,2016,20172016
2017-03-03,Janvier,16.64,16.72,-0.4
2017-03-03,Février,24.99,25.99,-3.8
2017-03-03,Deux premiers mois,41.64,42.71,-2.5
2017-03-03,année glissante (de mars n-1 à février ),211.90,208.72,+1.5
2017-04-11,Fréquentation totale (millions d’entrées),2017,2016,20172016
2017-04-11,Janvier,16.64,16.74,-0.6
2017-04-11,Février,24.99,26.01,-3.9
2017-04-11,Mars,18.77,19.69,-4.7
2017-04-11,trois premiers mois,60.40,62.44,-3.3
2017-04-11,année glissante (de avril n-1 à mars n),211.03,210.92,+0.1
2015-11-06,Fréquentation totale (millions d’entrées),2015,2014,20152014
2015-11-06,Janvier,16.77,17.72,-5.4
2015-11-06,Février,22.53,17.57,+28.2
2015-11-06,Mars,17.56,21.11,-16.8
2015-11-06,Avril,17.95,19.26,-6.8
2015-11-06,Mai,14.28,19.68,-27.4
2015-11-06,Juin,12.19,11.36,+7.4
2015-11-06,Juillet,18.22,15.61,+16.7
2015-11-06,Août,15.65,19.53,-19.9
2015-11-06,Septembre,9.36,9.34,+0.2
2015-11-06,Octobre,19.20,18.49,+3.8
2015-11-06,dix premiers mois,163.70,169.68,-3.5
2015-11-06,année glissante (de novembre n-1 à octobre n),202.99,211.19,-3.9
2016-11-04,Fréquentation totale (millions d'entrées),2016,2015,20162015
2016-11-04,Janvier,16.72,16.78,-0.4
2016-11-04,Février,25.99,22.55,+15.3
2016-11-04,Mars,19.73,17.54,+12.5
2016-11-04,Avril,18.31,17.97,+1.9
2016-11-04,Mai,14.20,14.29,-0.7
2016-11-04,Juin,11.92,12.19,-2.3
2016-11-04,Juillet,17.63,18.25,-3.4
2016-11-04,Août,15.52,15.23,+1.9
2016-11-04,Septembre,9.98,9.48,+5.2
2016-11-04,Octobre,21.16,19.54,+8.3
2016-11-04,dix premiers mois,171.14,163.83,+4.5
2016-11-04,année glissante (de novembre n-1 à octobre n),212.66,203.16,+4.7
2015-12-31,Fréquentation totale (millions d'entrées),2015,2014,20152014
2015-12-31,Janvier,16.77,17.72,-5.4
2015-12-31,Février,22.54,17.57,+28.2
2015-12-31,Mars,17.57,21.11,-16.8
2015-12-31,Avril,17.95,19.26,-6.8
2015-12-31,Mai,14.29,19.68,-27.4
2015-12-31,Juin,12.20,11.36,+7.4
2015-12-31,Juillet,18.22,15.61,+16.7
2015-12-31,Août,15.21,19.53,-22.1
2015-12-31,Septembre,9.48,9.34,+1.4
2015-12-31,Octobre,19.47,18.49,+5.3
2015-12-31,Novembre,17.42,17.22,+1.2
2015-12-31,Décembre,24.94,22.08,+13.0
2015-12-31,année,206.06,208.97,-1.4
2016-05-09,Fréquentation totale (millions d’entrées),2016,2015,20162015
2016-05-09,Janvier,16.70,16.78,-0.5
2016-05-09,Février,25.94,22.54,+15.1
2016-05-09,Mars,19.63,17.54,+11.9
2016-05-09,Avril,18.38,17.96,+2.3
2016-05-09,quatre premiers mois,80.65,74.83,+7.8
2016-05-09,année glissante (de mai n-1 à avril n),211.11,208.23,+1.4
2016-12-30,Fréquentation totale (millions d'entrées),2016,2015,20162015
2016-12-30,Janvier,16.72,16.78,-0.4
2016-12-30,Février,25.99,22.55,+15.3
2016-12-30,Mars,19.73,17.54,+12.5
2016-12-30,Avril,18.31,17.97,+1.9
2016-12-30,Mai,14.20,14.29,-0.7
2016-12-30,Juin,11.92,12.19,-2.2
2016-12-30,Juillet,17.67,18.25,-3.2
2016-12-30,Août,15.54,15.23,+2.0
2016-12-30,Septembre,10.07,9.48,+6.2
2016-12-30,Octobre,21.20,19.54,+8.5
2016-12-30,Novembre,17.41,17.32,+0.5
2016-12-30,Décembre,23.97,24.20,-0.9
2016-12-30,année,212.71,205.34,+3.6
2017-05-05,Fréquentation totale (millions d’entrées),2017,2016,20172016
2017-05-05,Janvier,16.49,16.74,-1.5
2017-05-05,Février,24.76,26.01,-4.8
2017-05-05,Mars,19.12,19.69,-2.9
2017-05-05,Avril,19.57,18.33,+6.8
2017-05-05,quatre premiers mois,79.94,80.76,-1.0
2017-05-05,année glissante (de mai n-1 à avril n),212.25,211.28,+0.5
2016-08-05,Fréquentation totale (millions d'entrées),2016,2015,20162015
2016-08-05,Janvier,16.72,16.78,-0.4
2016-08-05,Février,25.99,22.55,+15.3
2016-08-05,Mars,19.72,17.54,+12.5
2016-08-05,Avril,18.29,17.97,+1.8
2016-08-05,Mai,14.16,14.29,-0.9
2016-08-05,Juin,11.82,12.19,-3.1
2016-08-05,Juillet,17.88,18.25,-2.0
2016-08-05,sept premiers mois,124.58,119.58,+4.2
2016-08-05,année glissante (de août n-1 à juillet n),210.34,206.30,+2.0
2014-06-06,Fréquentation totale (millions d’entrées),2014,2013,20142013
2014-06-06,Janvier,17.67,14.58,+21.2
2014-06-06,Février,17.51,14.41,+21.5
2014-06-06,Mars,21.10,19.09,+10.5
2014-06-06,Avril,19.13,16.58,+15.4
2014-06-06,Mai,19.62,17.22,+14.0
2014-06-06,5 premiers mois,95.04,81.88,+16.1
2014-06-06,Année glissante (de juin n-1 à mai n),206.75,198.13,+4.3
2014-08-11,Fréquentation totale (millions d’entrées),2014,2013,20142013
2014-08-11,Janvier,17.70,14.58,+21.4
2014-08-11,Février,17.54,14.41,+21.7
2014-08-11,Mars,21.15,19.09,+10.8
2014-08-11,Avril,19.17,16.58,+15.6
2014-08-11,Mai,19.58,17.22,+13.7
2014-08-11,Juin,11.52,13.80,-16.5
2014-08-11,Juillet,15.72,13.65,+15.2
2014-08-11,7 premiers mois,122.37,109.32,+11.9
2014-08-11,Année glissante (d'août n-1 à juillet n),206.64,194.06,+6.5
2014-11-07,Fréquentation totale (millions d'entrées),2014,2013,20142013
2014-11-07,Janvier,17.70,14.58,+21.4
2014-11-07,Février,17.55,14.41,+21.7
2014-11-07,Mars,21.16,19.09,+10.8
2014-11-07,Avril,19.22,16.58,+15.9
2014-11-07,Mai,19.66,17.22,+14.2
2014-11-07,Juin,11.38,13.80,-17.5
2014-11-07,Juillet,15.51,13.65,+13.7
2014-11-07,Août,19.50,14.88,+31.0
2014-11-07,Septembre,9.46,10.20,-7.3
2014-11-07,Octobre,18.37,17.72,+3.7
2014-11-07,10 premiers mois,169.50,152.12,+11.4
2014-11-07,Année glissante (de novembre n-1 à octobre n),210.98,193.58,+9.0
2015-07-03,Fréquentation totale (millions d’entrées),2015,2014,20152014
2015-07-03,Janvier,16.76,17.72,-5.4
2015-07-03,Février,22.51,17.57,+28.1
2015-07-03,Mars,17.55,21.11,-16.9
2015-07-03,Avril,17.86,19.26,-7.3
2015-07-03,Mai,14.11,19.68,-28.3
2015-07-03,Juin,11.99,11.36,+5.6
2015-07-03,semestre,100.79,106.70,-5.5
2015-07-03,année glissante (de juillet n-1 à juin n),203.06,204.69,-0.8
2014-07-07,Fréquentation totale (millions d'entrées),2014,2013,20142013
2014-07-07,Janvier,17.69,14.58,+21.3
2014-07-07,Février,17.53,14.41,+21.6
2014-07-07,Mars,21.13,19.09,+10.7
2014-07-07,Avril,19.13,16.58,+15.4
2014-07-07,Mai,19.62,17.22,+14.0
2014-07-07,Juin,11.52,13.80,-16.5
2014-07-07,Premier semestre,106.62,95.68,+11.4
2014-07-07,Année glissante (de juillet n-1 à juin n),204.54,197.40,+3.6
2015-10-12,Fréquentation totale (millions d’entrées),2015,2014,20152014
2015-10-12,Janvier,16.77,17.72,-5.4
2015-10-12,Février,22.53,17.57,+28.2
2015-10-12,Mars,17.56,21.11,-16.8
2015-10-12,Avril,17.94,19.26,-6.9
2015-10-12,Mai,14.28,19.68,-27.5
2015-10-12,Juin,12.18,11.36,+7.3
2015-10-12,Juillet,18.22,15.61,+16.7
2015-10-12,Août,15.65,19.53,-19.9
2015-10-12,Septembre,9.36,9.34,+0.2
2015-10-12,neuf premiers mois,144.47,151.19,-4.4
2015-10-12,année glissante (de août n-1 à septembre n),202.26,210.44,-3.9
2015-02-06,Fréquentation totale (millions d’entrées),2015,2014,20152014
2015-02-06,janvier,17.03,17.70,-3.8
2015-02-06,Année glissante (de février. n-1 à janvier. n),207.77,196.72,+5.6
2014-10-03,Fréquentation totale (millions d'entrées),2014,2013,20142013
2014-10-03,Janvier,17.70,14.58,+21.4
2014-10-03,Février,17.55,14.41,+21.7
2014-10-03,Mars,21.15,19.09,+10.8
2014-10-03,Avril,19.22,16.58,+15.9
2014-10-03,Mai,19.65,17.22,+14.1
2014-10-03,Juin,11.37,13.80,-17.6
2014-10-03,Juillet,15.72,13.65,+15.2
2014-10-03,Août,19.83,14.88,+33.3
2014-10-03,Septembre,9.46,10.20,-7.3
2014-10-03,9 premiers mois,151.64,134.40,+12.8
2014-10-03,Année glissante (d'octobre n-1 à septembre n),210.83,193.92,+8.7
2015-06-08,Fréquentation totale (millions d’entrées),2015,2014,20152014
2015-06-08,Janvier,16.74,17.72,-5.5
2015-06-08,Février,22.47,17.57,+27.9
2015-06-08,Mars,17.51,21.11,-17.1
2015-06-08,Avril,17.96,19.26,-6.7
2015-06-08,Mai,14.09,19.68,-28.4
2015-06-08,Cinq premiers mois,88.78,95.35,-6.9
2015-06-08,année glissante (de juin n-1 à mai n),202.40,207.15,-2.3
2015-04-07,Fréquentation totale (millions d’entrées),2015,2014,20152014
2015-04-07,Janvier,17.03,17.70,-3.8
2015-04-07,Février,22.56,17.56,+28.5
2015-04-07,Mars,17.01,21.17,-19.7
2015-04-07,trois premiers mois,56.60,56.43,+0.3
2015-04-07,année glissante (de avril n-1 à mars n),209.04,202.06,+3.5
2014-03-07,Fréquentation totale (millions d’entrées),2014,2013,20142013
2014-03-07,Janvier,17.89,14.57,+22.8
2014-03-07,Février,17.29,14.41,+20.0
2014-03-07,2 premiers mois,35.17,28.97,+21.4
2014-03-07,Année glissante (de mars n-1 à février n),198.99,198.79,+0.1
2015-08-12,Fréquentation totale (millions d’entrées),2015,2014,20152014
2015-08-12,Janvier,16.76,17.72,-5.4
2015-08-12,Février,22.52,17.57,+28.1
2015-08-12,Mars,17.55,21.11,-16.9
2015-08-12,Avril,17.89,19.26,-7.1
2015-08-12,Mai,14.24,19.68,-27.7
2015-08-12,Juin,12.11,11.36,+6.6
2015-08-12,Juillet,18.22,15.61,+16.7
2015-08-12,sept premiers mois,119.29,122.32,-2.5
2015-08-12,année glissante (de août n-1 à juillet n),205.95,206.66,-0.3
2015-01-02,Fréquentation totale (millions d'entrées),2014,2013,20142013
2015-01-02,Janvier,17.70,14.58,+21.4
2015-01-02,Février,17.55,14.41,+21.8
2015-01-02,Mars,21.16,19.09,+10.8
2015-01-02,Avril,19.23,16.58,+15.9
2015-01-02,Mai,19.67,17.22,+14.3
2015-01-02,Juin,11.39,13.80,-17.4
2015-01-02,Juillet,15.56,13.65,+14.0
2015-01-02,Août,19.56,14.88,+31.5
2015-01-02,Septembre,9.32,10.20,-8.6
2015-01-02,Octobre,18.39,17.72,+3.8
2015-01-02,Novembre,16.93,18.37,-7.8
2015-01-02,Décembre,21.97,23.10,-4.9
2015-01-02,année,208.43,193.59,+7.7
2014-04-04,Fréquentation totale (millions d’entrées),2014,2013,20142013
2014-04-04,Janvier,17.89,14.55,+22.9
2014-04-04,Février,17.29,14.41,+20.0
2014-04-04,Mars,21.09,18.49,+14.1
2014-04-04,3 premiers mois,56.27,47.45,+18.6
2014-04-04,Année glissante (d'avril n-1 à mars n),202.41,200.88,+0.8
2015-09-08,Fréquentation totale (millions d’entrées),2015,2014,20152014
2015-09-08,Janvier,16.77,17.72,-5.4
2015-09-08,Février,22.53,17.57,+28.2
2015-09-08,Mars,17.56,21.11,-16.8
2015-09-08,Avril,17.93,19.26,-6.9
2015-09-08,Mai,14.27,19.68,-27.5
2015-09-08,Juin,12.17,11.36,+7.1
2015-09-08,Juillet,18.22,15.61,+16.7
2015-09-08,Août,15.65,19.53,-19.9
2015-09-08,huit premiers mois,135.08,141.85,-4.8
2015-09-08,année glissante (de septembre n-1 à août n),202.20,211.30,-4.3
2014-05-06,Fréquentation totale (millions d’entrées),2014,2013,20142013
2014-05-06,Janvier,17.66,14.58,+21.1
2014-05-06,Février,17.49,14.41,+21.3
2014-05-06,Mars,21.39,19.09,+12.0
2014-05-06,Avril,19.13,16.58,+15.4
2014-05-06,4 premiers mois,75.67,64.66,+17.0
2014-05-06,Année glissante (de mai n-1 à avril n),204.60,197.18,+3.8
2014-09-09,Fréquentation totale (millions d’entrées),2014,2013,20142013
2014-09-09,Janvier,17.70,14.58,+21.4
2014-09-09,Février,17.54,14.41,+21.7
2014-09-09,Mars,21.15,19.09,+10.8
2014-09-09,Avril,19.20,16.58,+15.8
2014-09-09,Mai,19.61,17.22,+13.9
2014-09-09,Juin,11.36,13.80,-17.7
2014-09-09,Juillet,15.72,13.65,+15.2
2014-09-09,Août,19.83,14.88,+33.3
2014-09-09,8 premiers mois,142.11,124.20,+14.4
2014-09-09,Année glissante (de septembre n-1 à août n),211.50,194.86,+8.5
2015-03-06,Fréquentation totale (millions d’entrées),2015,2014,20152014
2015-03-06,Janvier,17.03,17.70,-3.8
2015-03-06,Février,22.56,17.56,+28.5
2015-03-06,deux premiers mois,39.59,35.26,+12.3
2015-03-06,année glissante (de mars n-1 à février n),213.20,199.86,+6.7
2015-05-11,Fréquentation totale (millions d’entrées),2015,2014,20152014
2015-05-11,Janvier,16.74,17.72,-5.5
2015-05-11,Février,22.47,17.57,+27.9
2015-05-11,Mars,17.01,21.11,-19.4
2015-05-11,Avril,17.96,19.26,-6.7
2015-05-11,quatre premiers mois,74.18,75.67,-2.0
2015-05-11,année glissante (de mai n-1 à avril n),207.49,204.69,+1.4
2014-12-05,Fréquentation totale (millions d’entrées),2014,2013,20142013
2014-12-05,Janvier,17.70,14.58,+21.4
2014-12-05,Février,17.55,14.41,+21.8
2014-12-05,Mars,21.16,19.09,+10.8
2014-12-05,Avril,19.22,16.58,+15.9
2014-12-05,Mai,19.66,17.22,+14.2
2014-12-05,Juin,11.38,13.80,-17.5
2014-12-05,Juillet,15.54,13.65,+13.9
2014-12-05,Août,19.54,14.88,+31.4
2014-12-05,Septembre,9.31,10.20,-8.7
2014-12-05,Octobre,18.37,17.72,+3.7
2014-12-05,Novembre,16.83,18.37,-8.4
2014-12-05,11 premiers mois,186.28,170.49,+9.3
2014-12-05,Année glissante (de décembre n-1 à novembre n),209.38,189.18,+10.7
2014-02-10,Fréquentation totale (millions d’entrées),2014,2013,20142013
2014-02-10,Janvier,17.89,14.57,+22.8
2014-02-10,Année glissante (de février. n-1 à janvier. n),196.12,201.96,-2.9
2013-10-07,Fréquentation totale (millions d’entrées),2013,2012,20132012
2013-10-07,Janvier,14.57,16.16,-9.9
2013-10-07,Février,14.40,17.58,-18.1
2013-10-07,Mars,19.12,16.40,+16.6
2013-10-07,Avril,16.80,20.91,-19.7
2013-10-07,Mai,17.51,16.26,+7.7
2013-10-07,Juin,13.85,14.53,-4.7
2013-10-07,Juillet,13.70,16.97,-19.3
2013-10-07,Août,15.34,14.08,+8.9
2013-10-07,Septembre,10.42,11.13,-6.4
2013-10-07,9 premiers mois,135.70,144.04,-5.8
2013-10-07,Année glissante (de oct. n-1 à sept. n),195.20,214.94,-9.2
2013-06-07,Fréquentation totale (millions d’entrées),2013,2012,20132012
2013-06-07,Janvier,14.44,16.15,-10.6
2013-06-07,Février,13.87,17.58,-21.1
2013-06-07,Mars,18.98,16.43,+15.5
2013-06-07,Avril,16.80,20.91,-19.7
2013-06-07,Mai,17.51,16.23,+7.8
2013-06-07,5 premiers mois,81.60,87.30,-6.5
2013-06-07,Année glissante (de juin. n-1 à mai. n),197.74,221.56,-10.8
2012-06-08,Fréquentation totale (millions d’entrées),2012,2011,20122011
2012-06-08,Janvier,16.24,14.62,+11.0
2012-06-08,Février,17.96,21.59,-16.8
2012-06-08,Mars,16.05,17.00,-5.6
2012-06-08,Avril,20.39,13.78,+48.5
2012-06-08,Mai,16.51,15.71,+5.1
2012-06-08,5 premiers mois,87.15,82.70,+5.4
2012-06-08,Année glissante (de juin. n-1 à mai. n),221.08,196.79,+12.3
2013-07-05,Fréquentation totale (millions d’entrées),2013,2012,20132012
2013-07-05,Janvier,14.44,16.15,-10.6
2013-07-05,Février,13.87,17.58,-21.1
2013-07-05,Mars,18.98,16.43,+15.5
2013-07-05,Avril,16.80,20.91,-19.7
2013-07-05,Mai,17.51,16.23,+7.8
2013-07-05,Juin,13.85,14.58,-5.0
2013-07-05,6 premiers mois,95.45,101.88,-6.3
2013-07-05,Année glissante (de juil. n-1 à juin n),197.01,221.57,-11.1
2013-04-05,Fréquentation totale (millions d’entrées),2013,2012,20132012
2013-04-05,Janvier,14.44,16.15,-10.6
2013-04-05,Février,13.87,17.57,-21.0
2013-04-05,Mars,18.98,16.43,+15.5
2013-04-05,Premier trimestre,47.29,50.14,-5.7
2013-04-05,Année glissante (de avril. n-1 à mars. n),201.40,213.90,-5.8
2013-12-06,Fréquentation totale (millions d’entrées),2013,2012,20132012
2013-12-06,Janvier,14.57,16.16,-9.9
2013-12-06,Février,14.41,17.58,-18.1
2013-12-06,Mars,19.12,16.40,+16.6
2013-12-06,Avril,16.55,20.91,-20.9
2013-12-06,Mai,17.20,16.26,+5.8
2013-12-06,Juin,13.83,14.53,-4.9
2013-12-06,Juillet,13.60,16.97,-19.9
2013-12-06,Août,15.34,14.08,+8.9
2013-12-06,Septembre,10.42,11.13,-6.4
2013-12-06,Octobre,18.12,18.06,+0.3
2013-12-06,Novembre,18.40,22.76,-19.1
2013-12-06,11 premiers mois,171.55,184.85,-7.2
2013-12-06,Année glissante (de déc. n-1 à nov. n),190.23,210.17,-9.5
2013-03-11,Fréquentation totale (millions d’entrées),2013,2012,20132012
2013-03-11,Janvier,14.44,16.15,-10.6
2013-03-11,Février,13.87,17.57,-21.0
2013-03-11,2 premiers mois,28.31,33.72,-16.0
2013-03-11,Année glissante (de mars. n-1 à fév. n),198.85,214.48,-7.3
2012-09-07,Fréquentation totale (millions d’entrées),2012,2011,20122011
2012-09-07,Janvier,16.14,14.62,10.4
2012-09-07,Février,17.56,21.59,-18.6
2012-09-07,Mars,16.42,17,-3.4
2012-09-07,Avril,20.89,13.78,51.6
2012-09-07,Mai,16.23,15.71,3.3
2012-09-07,Juin,14.54,14.56,-0.1
2012-09-07,Juillet,16.79,20.06,-16.3
2012-09-07,Août,13.95,17.37,-19.7
2012-09-07,Septembre,10.86,11.31,-4.0
2012-09-07,9 premiers mois,143.38,146,-1.8
2012-09-07,Année glissante (de oct n-1 à sept n),214.01,203.04,5.4
2012-09-07,Janvier,16.13,14.62,10.30
2012-09-07,Février,17.56,21.59,-18.70
2012-09-07,Mars,16.42,17.00,-3.40
2012-09-07,Avril,20.86,13.78,51.40
2012-09-07,Mai,16.20,15.71,3.10
2012-09-07,Juin,14.51,14.56,-0.40
2012-09-07,Juillet,16.95,20.06,-15.50
2012-09-07,Août,13.78,17.37,-20.70
2012-09-07,Huit premiers mois,132.41,134.69,-1.70
2012-09-07,Année glissante (de sept. n-1 à août. n),214.34,202.35,5.90
2013-09-06,Fréquentation totale (millions d’entrées),2013,2012,20132012
2013-09-06,Janvier,14.54,16.16,-10.0
2013-09-06,Février,14.39,17.58,-18.1
2013-09-06,Mars,19.10,16.40,+16.5
2013-09-06,Avril,16.80,20.91,-19.7
2013-09-06,Mai,17.51,16.26,+7.7
2013-09-06,Juin,13.85,14.53,-4.7
2013-09-06,Juillet,13.70,16.97,-19.3
2013-09-06,Août,15.33,14.08,+8.9
2013-09-06,8 premiers mois,125.24,132.90,-5.8
2013-09-06,Année glissante (de sept. n-1 à août n),195.87,215.13,-9.0
2013-05-06,Fréquentation totale (millions d’entrées),2013,2012,20132012
2013-05-06,Janvier,14.44,16.15,-10.6
2013-05-06,Février,13.87,17.58,-21.1
2013-05-06,Mars,18.98,16.43,+15.5
2013-05-06,Avril,16.80,20.91,-19.7
2013-05-06,4 premiers mois,64.09,71.07,-9.8
2013-05-06,Année glissante (de mai. n-1 à avril. n),196.46,221.04,-11.1
2012-06-08,Fréquentation totale (millions d’entrées),2012,2011,20122011
2012-06-08,Janvier,16.24,14.62,11.0
2012-06-08,Février,17.96,21.59,-16.8
2012-06-08,Mars,16.05,17,-5.6
2012-06-08,Avril,20.39,13.78,48.0
2012-06-08,Mai,16.52,15.71,5.2
2012-06-08,Juin,14.68,14.56,0.8
2012-06-08,Premier semestre,101.85,97.26,4.7
2012-06-08,Année glissante (de juillet. n-1 à juin. n),221.21,200.55,10.3
2013-02-11,Fréquentation totale (millions d’entrées),2013,2012,20132012
2013-02-11,Janvier,14.41,16.15,-10.8
2013-02-11,Année glissante (de fév. n-1 à janv. n),202.52,218.57,-7.3
2012-05-04,Fréquentation totale (millions d’entrées),2012,2011,20122011
2012-05-04,Janvier,16.24,14.62,+11.0
2012-05-04,Février,17.96,21.59,-16.8
2012-05-04,Mars,16.05,17.00,-5.6
2012-05-04,Avril,20.46,13.78,+48.5
2012-05-04,4 premiers mois,70.71,66.99,+5.6
2012-05-04,Année glissante (de mai. n-1 à avril. n),220.36,197.28,+11.7
2013-11-08,Fréquentation totale (millions d’entrées),2013,2012,20132012
2013-11-08,Janvier,14.57,16.16,-9.9
2013-11-08,Février,14.40,17.58,-18.1
2013-11-08,Mars,19.12,16.40,+16.6
2013-11-08,Avril,16.55,20.91,-20.9
2013-11-08,Mai,17.20,16.26,+5.5
2013-11-08,Juin,13.82,14.53,-4.9
2013-11-08,Juillet,13.70,16.97,-19.3
2013-11-08,Août,15.34,14.08,+8.9
2013-11-08,Septembre,10.42,11.13,-6.4
2013-11-08,Octobre,18.11,18.06,+0.3
2013-11-08,10 premiers mois,153.23,162.09,-5.5
2013-11-08,Année glissante (de nov. n-1 à oct. n),194.67,213.96,-9.0
2012-11-12,Fréquentation totale (millions d’entrées),2012,2011,20122011
2012-11-12,Janvier,16.14,14.62,10.4
2012-11-12,Février,17.56,21.59,-18.6
2012-11-12,Mars,16.42,17,-3.4
2012-11-12,Avril,20.89,13.78,51.6
2012-11-12,Mai,16.23,15.71,3.3
2012-11-12,Juin,14.54,14.56,-0.1
2012-11-12,Juillet,16.79,20.06,-16.3
2012-11-12,Août,13.95,17.37,-19.7
2012-11-12,Septembre,10.86,11.31,-4.0
2012-11-12,Octobre,17.59,18.97,-7.3
2012-11-12,10 premiers mois,160.97,164.97,-2.4
2012-11-12,Année glissante (de nov n-1 à oct n),212.63,203.48,+4.5
2012-12-12,Fréquentation totale (millions d’entrées),2012,2011,20122011
2012-12-12,Janvier,16.14,14.62,+10.4
2012-12-12,Février,17.56,21.59,-18.6
2012-12-12,Mars,16.42,17.00,-3.4
2012-12-12,Avril,20.89,13.78,+51.6
2012-12-12,Mai,16.23,15.71,+3.3
2012-12-12,Juin,14.54,14.56,-0.1
2012-12-12,Juillet,16.79,20.06,-16.3
2012-12-12,Août,13.95,17.37,-19.7
2012-12-12,Septembre,10.86,11.31,-4.2
2012-12-12,Octobre,17.58,18.97,-7.3
2012-12-12,Novembre,22.78,26.48,-14.0
2012-12-12,11 premiers mois,183.72,191.45,-4.0
2012-12-12,Année glissante (de déc. n-1 à nov. n),208.90,210.67,-0.8
2013-08-09,Fréquentation totale (millions d’entrées),2013,2012,20132012
2013-08-09,Janvier,14.54,16.16,-10.0
2013-08-09,Février,14.39,17.58,-18.1
2013-08-09,Mars,19.10,16.40,+16.5
2013-08-09,Avril,16.80,20.91,-19.7
2013-08-09,Mai,17.51,16.26,+7.7
2013-08-09,Juin,13.85,14.53,-4.7
2013-08-09,Juillet,13.68,16.97,-19.4
2013-08-09,7 premiers mois,109.88,118.82,-7.5
2013-08-09,Année glissante (de août n-1 à juillet n),194.60,218.44,-10.9
2013-12-06,Fréquentation totale (millions d’entrées),2013,2012,20132012
2013-12-06,janvier,14.57,16.16,-9.9
2013-12-06,février,14.41,17.58,-18.0
2013-12-06,mars,19.12,16.40,+16.6
2013-12-06,avril,16.56,20.92,-20.8
2013-12-06,mai,17.21,16.26,+5.8
2013-12-06,juin,13.83,14.53,-4.8
2013-12-06,juillet,13.61,16.98,-19.8
2013-12-06,août,14.87,14.08,+5.6
2013-12-06,septembre,10.21,11.13,-8.3
2013-12-06,octobre,17.61,18.06,-2.5
2013-12-06,novembre,18.50,22.77,-18.8
2013-12-06,décembre,22.30,18.69,+19.4
2013-12-06,année,192.79,203.56,-5.3
2013-01-02,Fréquentation totale (millions d’entrées),2012,2011,20122011
2013-01-02,janvier,16.15,14.63,+10.4
2013-01-02,février,17.57,21.66,-18.9
2013-01-02,mars,16.43,17.02,-3.5
2013-01-02,avril,20.90,13.79,+51.6
2013-01-02,mai,16.23,15.72,+3.3
2013-01-02,juin,14.57,14.57,+0.0
2013-01-02,juillet,16.89,20.09,-16.0
2013-01-02,août,14.11,17.39,-18.8
2013-01-02,septembre,11.10,11.32,-2.0
2013-01-02,octobre,17.92,19.04,-5.9
2013-01-02,novembre,22.98,26.54,-13.4
2013-01-02,décembre,19.40,25.29,-23.3
2013-01-02,année,204.26,217.06,-5.9
2012-06-08,Fréquentation totale (millions d’entrées),2012,2011,20122011
2012-06-08,Janvier,16.13,14.62,10.3
2012-06-08,Février,17.5,21.59,-18.9
2012-06-08,Mars,16.35,17,-3.8
2012-06-08,Avril,20.81,13.78,51.1
2012-06-08,Mai,16.2,15.71,3.1
2012-06-08,Juin,14.68,14.56,0.8
2012-06-08,Juillet,16.95,20.06,-15.50
2012-06-08,Sept premiers mois,118.63,117.32,1.1
2012-06-08,Année glissante (de août. n-1 à juillet. n),217.94,202.05,7.9
2011-03-09,Janvier,14.13,18.77,-24.7
2011-03-09,Février,21.54,20.50,+5.0
2011-03-09,2 premiers mois,35.67,39.27,-9.2
2011-02-09,Janvier,14.13,18.77,-24.7
2011-11-09,Fréquentation totale (millions d’entrées),2012,2011,20122011
2011-11-09,Janvier,16.24,14.63,+11.0
2011-11-09,Année glissante (de fév. n-1 à janv. n),217.20,202.57,+7.2
2011-08-09,Fréquentation totale (millions d’entrées),2011,2010,20112010
2011-08-09,Janvier,14.61,18.87,-22.6
2011-08-09,Février,21.59,20.58,+4.9
2011-08-09,Mars,16.94,18.67,-9.3
2011-08-09,Avril,13.72,18.51,-25.9
2011-08-09,Mai,15.77,16.19,-2.6
2011-08-09,Juin,14.75,10.80,+36.6
2011-08-09,Juillet,20.25,18.54,+9.2
2011-08-09,Août,17.47,17.02,+2.6
2011-08-09,Septembre,11.40,10.61,+7.5
2011-08-09,9 premiers mois,146.50,149.80,-2.2
2011-08-09,Année glissante (de oct n-1 à sept n),203.51,209.07,-2.7
2010-12-29,Janvier,18.75,15.29,+22.6
2010-12-29,Février,20.48,19.05,+7.5
2010-12-29,Mars,18.67,17.75,+5.2
2010-12-29,Avril,18.58,17.39,+6.8
2010-12-29,Mai,15.92,14.94,+6.6
2010-12-29,Juin,10.85,11.19,-3.1
2010-12-29,Juillet,18.39,20.88,-11.9
2010-12-29,Août,17.51,15.06,+16.3
2010-12-29,Septembre,10.67,10.49,+1.7
2010-12-29,9 premiers mois,149.82,142.04,+5.5
2011-11-09,Fréquentation totale (millions d’entrées),2012,2011,20122011
2011-11-09,Janvier,16.24,14.63,+11.0
2011-11-09,Février,18.70,21.60,-13.4
2011-11-09,2 premiers mois,34.93,36.23,-3.6
2011-11-09,Année glissante (de mars. n-1 à fév. n),214.29,203.59,+5.3
2011-06-08,Fréquentation totale (millions d’entrées),2011,2010,20112010
2011-06-08,Janvier,14.13,18.82,-24.9
2011-06-08,Février,21.54,20.55,+4.8
2011-06-08,Mars,17.40,18.76,-7.3
2011-06-08,Avril,13.70,18.59,-26.3
2011-06-08,Mai,15.75,15.98,-1.4
2011-06-08,5 premiers mois,82.52,92.70,-11.0
2011-06-08,Année glissante (de juin n-1 à mai n),196.15,209.63,-6.4
2011-08-09,Fréquentation totale (millions d’entrées),2011,2010,20112010
2011-08-09,Janvier,14.60,18.87,-22.6
2011-08-09,Février,21.56,20.58,+4.8
2011-08-09,Mars,16.92,18.67,-9.3
2011-08-09,Avril,13.68,18.51,-26.1
2011-08-09,Mai,15.77,16.19,-2.6
2011-08-09,Juin,14.75,10.80,+36.6
2011-08-09,Juillet,20.25,18.54,+9.2
2011-08-09,Août,17.47,17.02,+2.6
2011-08-09,8 premiers mois,135.00,139.19,-3.0
2011-08-09,Année glissante (de sept n-1 à août n),202.62,208.96,-3.0
2011-05-09,Fréquentation totale (millions d’entrées),2011,2010,20112010
2011-05-09,Janvier,14.13,18.82,-24.9
2011-05-09,Février,21.54,20.55,+4.8
2011-05-09,Mars,17.40,18.76,-7.3
2011-05-09,Avril,13.70,18.59,-26.3
2011-05-09,4 premiers mois,66.76,76.72,-13.0
2011-05-09,Année glissante (de mai n-1 à avril n),196.37,208.60,-5.9
2011-07-11,Fréquentation totale (millions d’entrées),2011,2010,20112010
2011-07-11,Janvier,14.13,18.82,-24.9
2011-07-11,Février,21.54,20.55,+4.8
2011-07-11,Mars,17.40,18.76,-7.3
2011-07-11,Avril,13.70,18.59,-26.3
2011-07-11,Mai,15.75,15.98,-1.4
2011-07-11,Juin,14.74,10.87,+35.7
2011-07-11,Premier semestre,97.26,103.56,-6.1
2011-07-11,Année glissante (de juil-1 à juin n),200.03,209.30,-4.4
2011-08-09,Fréquentation totale (millions d’entrées),2011,2010,20112010
2011-08-09,Janvier,14.60,18.87,-22.6
2011-08-09,Février,21.56,20.58,+4.8
2011-08-09,Mars,16.92,18.67,-9.3
2011-08-09,Avril,13.68,18.51,-26.1
2011-08-09,Mai,15.77,16.19,-2.6
2011-08-09,Juin,14.75,10.80,+36.6
2011-08-09,Juillet,20.25,18.54,+9.2
2011-08-09,7 premiers mois,117.53,122.17,-3.8
2011-08-09,Année glissante (de août n-1 à juillet n),202.17,207.01,-2.3
2010-12-29,Janvier,19.05,15.29,+24.6
2010-12-29,Février,21.02,19.03,+10.5
2010-12-29,Mars,18.51,17.74,+4.3
2010-12-29,Avril,18.54,17.39,+6.6
2010-12-29,Mai,16.33,14.93,+9.4
2010-12-29,Cinq premiers mois,93.45,84.38,+10.7
2011-11-09,Fréquentation totale (millions d’entrées),2011,2010,20112010
2011-11-09,Janvier,14.63,18.87,-22.5
2011-11-09,Février,21.6,20.58,5
2011-11-09,Mars,16.94,18.67,-9.2
2011-11-09,Avril,13.73,18.51,-25.8
2011-11-09,Mai,15.7,16.19,-3
2011-11-09,Juin,14.56,10.8,34.8
2011-11-09,Juillet,20.02,18.54,8
2011-11-09,Août,17.33,17.02,1.8
2011-11-09,Septembre,11.41,10.61,7.5
2011-11-09,Octobre,19.5,18.53,5.2
2011-11-09,Novembre,25.9,19.27,34.4
2011-11-09,11 premiers mois,191.32,187.6,2
2011-11-09,Année glissante (de déc. n-1 à nov. n),210.53,210.11,0.2
2011-11-09,Fréquentation totale (millions d’entrées),2011,2010,20112010
2011-11-09,Janvier,14.61,18.87,-22.6
2011-11-09,Février,21.59,20.58,+4.9
2011-11-09,Mars,16.94,18.67,-9.3
2011-11-09,Avril,13.72,18.51,-25.9
2011-11-09,Mai,15.77,16.19,-2.6
2011-11-09,Juin,14.75,10.80,+36.6
2011-11-09,Juillet,20.25,18.54,+9.2
2011-11-09,Août,17.47,17.02,+2.6
2011-11-09,Septembre,11.41,10.61,+7.5
2011-11-09,Octobre,20.28,18.53,+9.4
2011-11-09,10 premiers mois,166.78,168.33,-0.9
2011-11-09,Année glissante (de nov. n-1 à oct. n),205.27,211.84,-3.1
2011-11-09,Fréquentation totale (millions d’entrées),2012,2011,20122011
2011-11-09,Janvier,16.24,14.63,+11.0
2011-11-09,Février,17.96,21.60,-16.9
2011-11-09,Mars,16.05,16.94,-5.3
2011-11-09,1er trimestre,50.25,53.18,-5.5
2011-11-09,Année glissante (de avr. n-1 à mars. n),212.66,201.87,+5.3
2011-11-09,Janvier,14.61,18.87,-22.6
2011-11-09,Février,29.59,20.58,+4.9
2011-11-09,Mars,16.94,18.67,-9.3
2011-11-09,Avril,13.72,18.51,-25.9
2011-11-09,Mai,15.77,16.19,-2.6
2011-11-09,Juin,14.75,10.80,+36.6
2011-11-09,Juillet,20.25,18.54,+9.2
2011-11-09,Août,17.47,17.02,+2.6
2011-11-09,Septembre,11.41,10.61,+7.5
2011-11-09,Octobre,20.28,18.53,+9.4
2011-11-09,10 premiers mois,166.78,168.33,-0.9
2012-01-04,Fréquentation totale (millions d’entrées),2011,2010,20112010
2012-01-04,janvier,14.63,18.87,-22.5
2012-01-04,février,21.60,20.58,+5.0
2012-01-04,mars,16.94,18.67,-9.2
2012-01-04,avril,13.74,18.51,-25.8
2012-01-04,mai,15.70,16.19,-3.0
2012-01-04,juin,14.56,10.80,+34.8
2012-01-04,juillet,20.04,18.54,+8.1
2012-01-04,août,17.35,17.02,+1.9
2012-01-04,septembre,11.27,10.61,+6.2
2012-01-04,octobre,19.32,18.53,+5.4
2012-01-04,novembre,25.73,19.27,+33.5
2012-01-04,décembre,24.70,19.21,+28.6
2012-01-04,année,215.59,206.81,+4.2
2010-12-29,Janvier,19.05,15.29,+24.6
2010-12-29,Février,21.02,19.05,+10.3
2010-12-29,Mars,18.51,17.75,+4.3
2010-12-29,Avril,18.54,17.39,+6.6
2010-12-29,Mai,16.33,14.94,+9.3
2010-12-29,Juin,10.70,11.19,-4.4
2010-12-29,Premier semestre,104.15,95.61,+8.9
2011-04-11,Janvier,14.13,18.77,-24.7
2011-04-11,Février,21.54,20.50,+5.0
2011-04-11,Mars,16.74,18.73,-10.6
2011-04-11,1er trimestre,52.41,58.00,-9.6
2010-12-29,Janvier,19.05,15.29,+24.6
2010-12-29,Février,21.02,19.03,+10.5
2010-12-29,Mars,18.51,17.74,+4.3
2010-12-29,Premier trimestre,58.58,52.06,+12.5
2010-12-29,Janvier,18.95,15.32,+23.7
2010-12-29,Janvier,19.11,15.29,+25.0
2010-12-29,Février,21.13,19.05,+10.9
2010-12-29,Mars,18.67,17.75,+5.2
2010-12-29,Avril,18.74,17.39,+7.8
2010-12-29,Mai,16.25,14.94,+8.8
2010-12-29,Juin,10.81,11.19,-3.4
2010-12-29,Juillet,18.35,20.88,-12.1
2010-12-29,7 premiers mois,123.05,116.50,+5.6
2010-12-29,Janvier,19.05,15.29,+24.6
2010-12-29,Février,21.02,19.03,+10.5
2010-12-29,Mars,18.51,17.74,+4.3
2010-12-29,Avril,18.54,17.39,+6.6
2010-12-29,Quatre premiers mois,77.12,69.45,+11.0
2010-12-29,Janvier,15.70,14.85,5.7
2010-12-29,Février,19.20,20.56,-6.6
2010-12-29,Mars,18.23,27.11,-32.7
2010-12-29,Avril,17.62,15.73,12.0
2010-12-29,Mai,15.39,12.48,23.4
2010-12-29,Juin,11.46,10.87,5.5
2010-12-29,Juillet,20.46,13.29,54.0
2010-12-29,Août,15.41,14.75,4.5
2010-12-29,Septembre,10.71,9.79,9.4
2010-12-29,Octobre,15.44,14.32,7.8
2010-12-29,Dix premiers mois,159.64,153.74,3.8
2010-12-08,Janvier,18.75,15.29,+22.6
2010-12-08,Février,20.48,19.05,+7.5
2010-12-08,Mars,18.67,17.75,+5.2
2010-12-08,Avril,18.58,17.39,+6.8
2010-12-08,Mai,15.95,14.94,+6.6
2010-12-08,Juin,10.85,11.19,-3.1
2010-12-08,Juillet,18.39,20.88,-11.9
2010-12-08,Août,17.51,15.06,+16.3
2010-12-08,Septembre,10.67,10.49,+1.7
2010-12-08,Octobre,18.54,15.75,+17.7
2010-12-08,Novembre,19.27,20.94,-8.0
2010-12-08,11 premiers mois,187.63,178.73,+5.0
2010-12-29,Janvier,15.27,14.85,+2.9
2010-12-29,Février,19.20,20.56,-6.6
2010-12-29,Mars,18.23,27.11,-32.7
2010-12-29,Avril,17.62,15.73,+12.0
2010-12-29,Mai,15.39,12.48,+23.4
2010-12-29,Juin,11.46,10.87,+5.5
2010-12-29,Juillet,20.74,13.29,+56.1
2010-12-29,Sept premiers mois,117.92,114.88,+2.6
2010-12-29,Janvier,18.75,15.29,+22.6
2010-12-29,Février,20.48,19.05,+7.5
2010-12-29,Mars,18.67,17.75,+5.2
2010-12-29,Avril,18.58,17.39,+6.8
2010-12-29,Mai,15.92,14.94,+6.6
2010-12-29,Juin,10.85,11.19,-3.1
2010-12-29,Juillet,18.39,20.88,-11.9
2010-12-29,Août,17.51,15.06,+16.3
2010-12-29,Septembre,10.67,10.49,+1.7
2010-12-29,Octobre,18.54,15.75,+17.7
2010-12-29,10 premiers mois,168.36,157.79,+6.7
2010-12-29,Janvier,19.11,15.29,+25.0
2010-12-29,Février,21.13,19.05,+10.9
2010-12-29,Mars,18.67,17.75,+5.2
2010-12-29,Avril,18.74,17.39,+7.8
2010-12-29,Mai,16.25,14.94,+8.8
2010-12-29,Juin,10.81,11.19,-3.4
2010-12-29,Juillet,18.35,20.88,-12.1
2010-12-29,Août,17.51,15.06,+16.3
2010-12-29,8 premiers mois,140.56,131.55,+6.8
