date,genre,title,url_picture
16/04/2025,"Biopic, Drame",OXANA,https://ecran-total.fr/wp-content/uploads/2023/10/Image-1-220x300.jpg
16/04/2025,Comédie dramatique,LA RÉPARATION,https://ecran-total.fr/wp-content/uploads/2024/01/Reparation-film-225x300.jpg
16/04/2025,"Drame, Western",HARVEST,https://ecran-total.fr/wp-content/uploads/2024/02/Harvest-affiche-1-225x300.webp
16/04/2025,Comédie,LE MÉLANGE DES GENRES,https://ecran-total.fr/wp-content/uploads/2024/02/Le-Melange-des-genres-affiche-225x300.webp
16/04/2025,"Drame, Horreur, Thriller",SINNERS,https://ecran-total.fr/wp-content/uploads/2024/03/Affiche-Sinners-1-240x300.jpg
16/04/2025,Non classé,KYUKA – AVANT LA FIN DE L’ÉTÉ,https://ecran-total.fr/wp-content/uploads/2024/04/Kyuka-–-Before-Summers-End-212x300.webp
16/04/2025,Action,RAPIDE,https://ecran-total.fr/wp-content/uploads/2024/04/rapide-221x300.jpg
16/04/2025,Comédie,AIMONS-NOUS VIVANTS,https://ecran-total.fr/wp-content/uploads/2024/09/Aimons-nous-vivants-affiche-219x300.webp
16/04/2025,Drame,TOXIC,https://ecran-total.fr/wp-content/uploads/2024/12/Toxic-affiche-1-200x300.webp
16/04/2025,Drame,DIMANCHES,https://ecran-total.fr/wp-content/uploads/2024/12/Dimanches-affiche-225x300.webp
16/04/2025,Drame,COMMENT DEVENIR RICHE (GRÂCE À SA GRAND-MÈRE),https://ecran-total.fr/wp-content/uploads/2025/01/Comment-devenir-riche-grace-a-sa-grand-mere-affiche-220x300.webp
16/04/2025,"Drame, Polar",LETTRES SICILIENNES,https://ecran-total.fr/wp-content/uploads/2025/01/Lettres-siciliennes-affiche-1-221x300.webp
16/04/2025,"Comédie, Documentaire",CECI N’EST PAS UNE GUERRE,https://ecran-total.fr/wp-content/uploads/2025/01/Ceci-nest-pas-une-guerre-affiche-212x300.webp
17/04/2025,"Action, Animation, Aventure",KAIJU NO. 8 : MISSION RECON,https://ecran-total.fr/wp-content/uploads/2025/03/unnamed-212x300.png
23/04/2025,"Drame, Histoire",LA CHAMBRE DE MARIANA,https://ecran-total.fr/wp-content/uploads/2022/09/La-Chambre-de-Mariana-Affiche-1-225x300.jpg
23/04/2025,Comédie,"L’AMOUR, C'EST SURCOTÉ",https://ecran-total.fr/wp-content/uploads/2023/06/Lamour-cest-surcote-affiche-214x300.webp
23/04/2025,Comédie dramatique,DES JOURS MEILLEURS,https://ecran-total.fr/wp-content/uploads/2023/09/d1cfdc2720ff648e8b93971dd7551732-225x300.webp
23/04/2025,Non classé,SIMÓN DE LA MONTAÑA,https://ecran-total.fr/wp-content/uploads/2024/04/Simon-of-the-Mountain-affiche-212x300.webp
23/04/2025,Thriller,THE GAZER,https://ecran-total.fr/wp-content/uploads/2024/05/The-Gazer-affiche-220x300.webp
23/04/2025,Thriller,DROP,https://ecran-total.fr/wp-content/uploads/2024/07/telechargement-16.jpeg
23/04/2025,"Aventure, Fantastique",LA LÉGENDE D’OCHI,https://ecran-total.fr/wp-content/uploads/2024/10/La-Legende-dOchi-affiche-220x300.webp
23/04/2025,Documentaire,PROMESSE,https://ecran-total.fr/wp-content/uploads/2024/11/Promesse-affiche-1-225x300.webp
23/04/2025,Documentaire,UN MÉDECIN POUR LA PAIX,https://ecran-total.fr/wp-content/uploads/2024/11/Un-medecin-pour-la-paix-affiche-225x300.webp
23/04/2025,Romance,ALTERLOVE,https://ecran-total.fr/wp-content/uploads/2024/12/Alterlove-affiche-1-225x300.webp
23/04/2025,Horreur,UNTIL DAWN,https://ecran-total.fr/wp-content/uploads/2024/12/Image-3-203x300.jpg
23/04/2025,Thriller,LE CLAN DES BÊTES,https://ecran-total.fr/wp-content/uploads/2025/02/Le-Clan-des-betes-affiche-1-216x300.webp
23/04/2025,Thriller,L’ÎLE DES FAISANS,https://ecran-total.fr/wp-content/uploads/2025/03/Pheasant-Island-3-4-220x300.webp
30/04/2025,Comédie,GÉRALD LE CONQUÉRANT,https://ecran-total.fr/wp-content/uploads/2023/09/Gerald-le-Conquerant-affiche-240x300.webp
30/04/2025,"Comédie, Drame",LES RÈGLES DE L’ART,https://ecran-total.fr/wp-content/uploads/2023/11/Image-4-225x300.jpg
30/04/2025,"Fantastique, Polar",LES LINCEULS,https://ecran-total.fr/wp-content/uploads/2024/03/Les-Linceuls-225x300.webp
30/04/2025,Comédie,UNE POINTE D’AMOUR,https://ecran-total.fr/wp-content/uploads/2024/07/Une-pointe-damour-affiche-220x300.webp
30/04/2025,Action,THUNDERBOLTS*,https://ecran-total.fr/wp-content/uploads/2024/09/Image-5-240x300.jpg
30/04/2025,Comédie,CE NOUVEL AN QUI N’EST JAMAIS ARRIVÉ,https://ecran-total.fr/wp-content/uploads/2024/11/Ce-nouvel-an-qui-nest-jamais-arrive-affiche-213x300.webp
30/04/2025,Drame,TU NE MENTIRAS POINT,https://ecran-total.fr/wp-content/uploads/2024/12/Image-240x300.webp
30/04/2025,Comédie dramatique,A NEW OLD PLAY,https://ecran-total.fr/wp-content/uploads/2025/01/A-New-Old-Play-261x300.jpg
30/04/2025,"Drame, Romance",LES FLEURS DU SILENCE,https://ecran-total.fr/wp-content/uploads/2025/01/Les-Fleurs-du-silence-affiche-220x300.webp
30/04/2025,Documentaire,LES ESPRITS LIBRES,https://ecran-total.fr/wp-content/uploads/2025/01/Les-Esprits-libres-affiche-221x300.webp
30/04/2025,Comédie dramatique,GHOSTLIGHT,https://ecran-total.fr/wp-content/uploads/2025/02/Ghostlight-affiche-221x300.webp
30/04/2025,Drame,LES INDOMPTÉS,https://ecran-total.fr/wp-content/uploads/2025/03/Les-Indomptes-3-4-225x300.webp
30/04/2025,Documentaire,ASCQ 44 – LES MARTYRS DU NORD,https://ecran-total.fr/wp-content/uploads/2025/03/Ascq-44-–-Les-Martyrs-du-nord-affiche-225x300.webp
30/04/2025,Documentaire,LE JOLI MAI,https://ecran-total.fr/wp-content/uploads/2025/03/Le-Jolie-Mai-affiche-216x300.webp
30/04/2025,"Drame, Thriller",COURSIER DE NUIT,https://ecran-total.fr/wp-content/uploads/2025/04/Coursier-de-nuit-affiche-220x300.webp
07/05/2025,Drame,L’EFFACEMENT,https://ecran-total.fr/wp-content/uploads/2021/10/Effacement-Film-300x300.jpg
07/05/2025,Drame,LES ENFANTS ROUGES,https://ecran-total.fr/wp-content/uploads/2022/01/Les-Enfants-rouges-affiche-212x300.webp
07/05/2025,Drame,LES ARÈNES,https://ecran-total.fr/wp-content/uploads/2023/10/Les-Arenes-affiche-220x300.webp
07/05/2025,Comédie,"RUMOURS, NUIT BLANCHE AU SOMMET",https://ecran-total.fr/wp-content/uploads/2024/04/Affiche-Rumours-Cate-Blanchett-210x300.jpg
07/05/2025,Comédie dramatique,"MOI, MA MÈRE ET LES AUTRES",https://ecran-total.fr/wp-content/uploads/2024/04/Moi-ma-mere-et-les-autres-affiche-1-200x300.webp
07/05/2025,Comédie,UN MONDE MERVEILLEUX,https://ecran-total.fr/wp-content/uploads/2024/06/Un-monde-merveilleux-afficge-220x300.webp
07/05/2025,Comédie dramatique,LES MUSICIENS,https://ecran-total.fr/wp-content/uploads/2024/11/Les-Musiciens-3-4-1-225x300.webp
07/05/2025,"Comédie, Romance",ANGES & CIE,https://ecran-total.fr/wp-content/uploads/2025/02/Anges-Cie-Affiche-1-225x300.jpg
07/05/2025,Documentaire,"SOUDAN, SOUVIENS-TOI",https://ecran-total.fr/wp-content/uploads/2025/02/Soudan-Souviens-Toi-201x300.jpg
07/05/2025,Comédie,LES FEMMES ET LES ENFANTS D’ABORD,https://ecran-total.fr/wp-content/uploads/2025/03/Les-Femmes-et-les-enfants-dabord-affiche-212x300.webp
07/05/2025,"Comédie, Romance",DE MAUVAISE FOI,https://ecran-total.fr/wp-content/uploads/2025/03/De-mauvaise-foi-affiche-225x300.webp
07/05/2025,"Action, Thriller",COKA CHICAS,https://ecran-total.fr/wp-content/uploads/2025/03/Coka-Chicas-3-4-221x300.webp
07/05/2025,Comédie dramatique,TIMPI TAMPA,https://ecran-total.fr/wp-content/uploads/2025/03/Timpi-Tampa-affiche-225x300.webp
13/05/2025,"Comédie dramatique, Comédie musicale",PARTIR UN JOUR,https://ecran-total.fr/wp-content/uploads/2024/09/unnamed-300x200.jpg
14/05/2025,Drame,LE DOMAINE,https://ecran-total.fr/wp-content/uploads/2023/01/Le-Domaine-affiche-220x300.webp
14/05/2025,"Drame, Polar, Romance, Thriller",THE SHAMELESS,https://ecran-total.fr/wp-content/uploads/2024/04/The-Shameless-3-4-1-234x300.webp
14/05/2025,Comédie dramatique,TRANSMITZVAH,https://ecran-total.fr/wp-content/uploads/2024/11/Transmitzvah-affiche-1-212x300.webp
14/05/2025,"Comédie dramatique, Thriller",ACCIDENT DOMESTIQUE,https://ecran-total.fr/wp-content/uploads/2024/11/Accident-domestique-affiche-210x300.webp
14/05/2025,Horreur,DESTINATION FINALE BLOODLINES,https://ecran-total.fr/wp-content/uploads/2024/12/Final-Destination-6-225x300.webp
14/05/2025,"Biopic, Comédie musicale","MILLI VANILLI, DE LA GLOIRE AU CAUCHEMAR",https://ecran-total.fr/wp-content/uploads/2025/03/Milli-Vanilli-de-la-gloire-au-cauchemar-affiche-225x300.webp
14/05/2025,Drame,"MARCO, L’ÉNIGME D’UNE VIE",https://ecran-total.fr/wp-content/uploads/2025/03/Marco-lenigme-dune-vie-affiche-225x300.webp
16/05/2025,Thriller,HURRY UP TOMORROW,https://ecran-total.fr/wp-content/uploads/2025/02/Hurry-Up-Tomorrow-affiche-1-225x300.webp
18/05/2025,Comédie,La Tournée du Trio,https://ecran-total.fr/wp-content/uploads/2025/01/Le-Trio-Ferrari-Tsamere-Lecaplain-affiche-212x300.webp
21/05/2025,Action,MISSION : IMPOSSIBLE – THE FINAL RECKONING,https://ecran-total.fr/wp-content/uploads/2022/02/Mission-Impossible-The-Final-Reckoning-Affiche-203x300.jpg
21/05/2025,Comédie dramatique,OLLIE,https://ecran-total.fr/wp-content/uploads/2023/01/Ollie-affiche-1-214x300.webp
21/05/2025,Drame,LIBERTATE,https://ecran-total.fr/wp-content/uploads/2024/02/Libertate-affiche-225x300.webp
21/05/2025,"Aventure, Comédie",LILO & STITCH,https://ecran-total.fr/wp-content/uploads/2024/11/Lilo-Stitch-Affiche-5-240x300.jpg
21/05/2025,"Horreur, Thriller",LES MAUDITES,https://ecran-total.fr/wp-content/uploads/2024/12/Les-maudites-affiche-208x300.webp
28/05/2025,Non classé,ELSE,https://ecran-total.fr/wp-content/uploads/2023/01/406a62edd38842a6fcc95dc2a8958a8a-210x300.jpg
28/05/2025,Comédie dramatique,MONSIEUR CONSTANT,https://ecran-total.fr/wp-content/uploads/2023/05/Design-sans-titre-17-225x300.png
28/05/2025,"Action, Thriller",L’ULTIME BRAQUAGE,https://ecran-total.fr/wp-content/uploads/2024/08/Lultime-Bracage-affiche-212x300.webp
28/05/2025,"Drame, Science fiction",ANOTHER END,https://ecran-total.fr/wp-content/uploads/2024/12/Another-End-affiche-225x300.webp
28/05/2025,"Animation, Aventure",DIPLODOCUS,https://ecran-total.fr/wp-content/uploads/2025/01/Diplodocus-3-4-225x300.webp
28/05/2025,Drame,HOT MILK,https://ecran-total.fr/wp-content/uploads/2025/02/Hot-Milk-3-4-215x300.webp
28/05/2025,"Horreur, Thriller",CHIME,https://ecran-total.fr/wp-content/uploads/2025/04/Chime-affiche-212x300.webp
28/05/2025,Comédie dramatique,THE PHOENICIAN SCHEME,https://ecran-total.fr/wp-content/uploads/2023/11/PRODUCTIONS-1.png
04/06/2025,Comédie dramatique,HORIZONTE,https://ecran-total.fr/wp-content/uploads/2022/01/Horizonte-affiche-211x300.webp
04/06/2025,Comédie,LE RÉPONDEUR,https://ecran-total.fr/wp-content/uploads/2023/01/Le-repondeur-affiche-221x300.webp
04/06/2025,Action,JOHN WICK : BALLERINA,https://ecran-total.fr/wp-content/uploads/2024/10/John-Wick-Ballerina-affiche-203x300.webp
04/06/2025,Drame,"FREUD, LA DERNIÈRE CONFESSION",https://ecran-total.fr/wp-content/uploads/2024/11/Professeur-Freud-3-4-225x300.webp
04/06/2025,Documentaire,FRAGMENTS D’UN PARCOURS AMOUREUX,https://ecran-total.fr/wp-content/uploads/2024/11/Fragments-dun-parcours-amoureux-affiche-223x300.webp
04/06/2025,Documentaire,LA TERRE DES VERTUS,https://ecran-total.fr/wp-content/uploads/2025/01/La-Terre-des-Vertus-228x300.png
04/06/2025,Documentaire,SAUVE QUI PEUT,https://ecran-total.fr/wp-content/uploads/2025/03/Sauve-qui-peut-affiche-213x300.webp
04/06/2025,"Horreur, Thriller",CLOUD,https://ecran-total.fr/wp-content/uploads/2025/04/Cloud-3-4-212x300.webp
11/06/2025,"Action, Aventure, Fantastique",DRAGONS,https://ecran-total.fr/wp-content/uploads/2023/06/Image-6-240x300.jpg
11/06/2025,Drame,A NORMAL FAMILY,https://ecran-total.fr/wp-content/uploads/2023/12/Image-4363382-209x300.webp
11/06/2025,Drame,DIFFÉRENTE,https://ecran-total.fr/wp-content/uploads/2024/01/Differentes-3-4-225x300.webp
11/06/2025,Drame,REMBRANDT,https://ecran-total.fr/wp-content/uploads/2023/11/PRODUCTIONS-1.png
11/06/2025,Drame,SISTER MIDNIGHT ,https://ecran-total.fr/wp-content/uploads/2024/05/Sister-Midnight-Affiche-Film-202x300.jpg
11/06/2025,Comédie,VACANCES FORCÉES,https://ecran-total.fr/wp-content/uploads/2024/06/Vacances-forcees-affiche-213x300.webp
11/06/2025,"Drame, Horreur",THE LIFE OF CHUCK,https://ecran-total.fr/wp-content/uploads/2024/09/Image-1-225x300.webp
11/06/2025,Horreur,THE RITUAL – L’EXORCISME D’EMMA SCHMIDT,https://ecran-total.fr/wp-content/uploads/2025/03/The-Ritual-3-4-225x300.webp
11/06/2025,Documentaire,D’ABDUL À LEILA,https://ecran-total.fr/wp-content/uploads/2025/03/DAbdul-a-Leila-3-4-212x300.webp
11/06/2025,Drame,CRASSE,https://ecran-total.fr/wp-content/uploads/2025/03/Crasse-affiche-202x300.webp
18/06/2025,"Animation, Aventure",ELIO,https://ecran-total.fr/wp-content/uploads/2022/10/Elio-teaser-3-4-210x300.webp
18/06/2025,"Horreur, Thriller",28 ANS PLUS TARD,https://ecran-total.fr/wp-content/uploads/2024/05/Image-7-225x300.jpg
18/06/2025,Comédie,LA TOURNÉE,https://ecran-total.fr/wp-content/uploads/2024/06/Image-3-204x300.webp
18/06/2025,Comédie,PEACOCK,https://ecran-total.fr/wp-content/uploads/2024/08/Peacock-3-4-225x300.webp
18/06/2025,Comédie,AVIGNON,https://ecran-total.fr/wp-content/uploads/2024/09/Image-2-240x300.webp
18/06/2025,Comédie,SUR LA ROUTE DE PAPA,https://ecran-total.fr/wp-content/uploads/2024/10/Sur-la-route-de-papa-affiche-240x300.webp
18/06/2025,Comédie dramatique,KNEECAP,https://ecran-total.fr/wp-content/uploads/2024/11/Kneecap-affiche-1-225x300.webp
18/06/2025,"Animation, Aventure, Comédie","MAYA, DONNE-MOI UN AUTRE TITRE",https://ecran-total.fr/wp-content/uploads/2025/02/Image-8-225x300.jpg
18/06/2025,"Animation, Aventure",TOM LE CHAT – À LA RECHERCHE DU DOUDOU PERDU,https://ecran-total.fr/wp-content/uploads/2025/03/Tom-le-chat-–-A-la-recherche-du-doudou-perdu-affiche-221x300.webp
18/06/2025,Drame,LOVEABLE,https://ecran-total.fr/wp-content/uploads/2025/03/Loveable-affiche-226x300.webp
18/06/2025,Comédie musicale,STOP MAKING SENSE,https://ecran-total.fr/wp-content/uploads/2023/11/PRODUCTIONS-1.png
18/06/2025,Fantastique,UN RÊVE PLUS LONG QUE LA NUIT,https://ecran-total.fr/wp-content/uploads/2025/04/Un-reve-plus-long-que-la-nuit-affiche-225x300.webp
25/06/2025,Animation,AMÉLIE ET LA MÉTAPHYSIQUE DES TUBES,https://ecran-total.fr/wp-content/uploads/2022/08/Amelie-et-la-metaphysique-des-tubes-3-4-225x300.webp
25/06/2025,"Horreur, Thriller",M3GAN 2.0,https://ecran-total.fr/wp-content/uploads/2023/01/MV5BNzQ0MGQwM2MtMjIyNi00MTEwLWEwMjgtNTE5ZmZmZTZlNjFjXkEyXkFqcGc@._V1_-200x300.jpg
25/06/2025,Science fiction,ETERNAL,https://ecran-total.fr/wp-content/uploads/2024/03/Eternal-3-4-1-225x300.webp
25/06/2025,Action,F1,https://ecran-total.fr/wp-content/uploads/2024/06/Brad-Pitt-Formule-1-3-4-225x300.webp
25/06/2025,"Comédie, Science fiction",LA MISSION DE L’ESPACE,https://ecran-total.fr/wp-content/uploads/2023/11/PRODUCTIONS-1.png
25/06/2025,Non classé,ROCK BOTTOM,https://ecran-total.fr/wp-content/uploads/2025/01/Rock-Bottom-3-4-225x300.webp
25/06/2025,Thriller,STRANGER EYES,https://ecran-total.fr/wp-content/uploads/2025/03/Stranger-Eyes-affiche-225x300.webp
25/06/2025,"Action, Thriller",REFLET DANS UN DIAMANT MORT,https://ecran-total.fr/wp-content/uploads/2025/04/Reflet-dans-un-diamant-mort-221x300.jpg
27/06/2025,Thriller,13 JOURS 13 NUITS,https://ecran-total.fr/wp-content/uploads/2024/05/13-jours-13-nuits-affiche-225x300.webp
02/07/2025,"Action, Aventure, Science fiction",JURASSIC WORLD EVENT FILM (TITRE PROVISOIRE),https://ecran-total.fr/wp-content/uploads/2023/11/PRODUCTIONS-1.png
02/07/2025,Drame,RAPACES,https://ecran-total.fr/wp-content/uploads/2023/11/PRODUCTIONS-1.png
02/07/2025,Animation,FALCON EXPRESS,https://ecran-total.fr/wp-content/uploads/2024/06/Falcon-Express-affiche-220x300.webp
02/07/2025,Comédie dramatique,LOVE (LA TRILOGIE D’OSLO),https://ecran-total.fr/wp-content/uploads/2024/08/Love-La-Trilogie-dOslo-3-4-225x300.webp
02/07/2025,Action,JURASSIC WORLD : RENAISSANCE,https://ecran-total.fr/wp-content/uploads/2023/11/PRODUCTIONS-1.png
02/07/2025,Comédie dramatique,DIDI,https://ecran-total.fr/wp-content/uploads/2024/12/Didi-3-4-225x300.webp
02/07/2025,Thriller,LE BONHEUR EST UNE BÊTE SAUVAGE,https://ecran-total.fr/wp-content/uploads/2025/02/Le-bonheur-est-une-bete-sauvage-225x300.webp
02/07/2025,Horreur,SUBSTITUTION – BRING HER BACK,https://ecran-total.fr/wp-content/uploads/2023/11/PRODUCTIONS-1.png
02/07/2025,Drame,MOON,https://ecran-total.fr/wp-content/uploads/2025/03/Moon-affiche-212x300.webp
09/07/2025,"Action, Science fiction",SUPERMAN : LEGACY,https://ecran-total.fr/wp-content/uploads/2023/02/FuAE2GNWAAAvVNo-256x300.jpeg
09/07/2025,Non classé,GANGS OF TAIWAN,https://ecran-total.fr/wp-content/uploads/2024/04/Gangs-of-Taiwan-3-4-225x300.webp
09/07/2025,Comédie,ANIMAL TOTEM,https://ecran-total.fr/wp-content/uploads/2023/11/PRODUCTIONS-1.png
09/07/2025,"Aventure, Comédie",MARIUS ET LES GARDIENS DE LA CITÉE PHOCÉENNE,https://ecran-total.fr/wp-content/uploads/2024/05/Marius-et-les-gardiens-de-la-citee-phoceenne-affiche-221x300.webp
09/07/2025,Documentaire,JEUNESSE (RETOUR AU PAYS),https://ecran-total.fr/wp-content/uploads/2023/08/Jeunesse-retour-au-pays-affiche-200x300.jpg
09/07/2025,Drame,IN THE SUMMERS,https://ecran-total.fr/wp-content/uploads/2024/11/In-the-Summer-3-4-203x300.webp
09/07/2025,Drame,LE PAYS D’ARTO,https://ecran-total.fr/wp-content/uploads/2023/11/PRODUCTIONS-1.png
09/07/2025,"Documentaire, Drame",KOUTÉ VWA,https://ecran-total.fr/wp-content/uploads/2025/02/Koute-Vwa-affiche-225x300.webp
09/07/2025,Drame,À FEU DOUX,https://ecran-total.fr/wp-content/uploads/2025/03/Familiar-Touch-3-4-225x300.webp
16/07/2025,Comédie,COMME UN ŒUF,https://ecran-total.fr/wp-content/uploads/2023/11/PRODUCTIONS-1.png
16/07/2025,Drame,7 JOURS,https://ecran-total.fr/wp-content/uploads/2025/01/7-jours-3-4-218x300.webp
16/07/2025,"Animation, Aventure","LES SCHTROUMPF, LE FILM",https://ecran-total.fr/wp-content/uploads/2025/02/Les-Schtroumpfs-le-film-3-4-217x300.webp
16/07/2025,"Horreur, Thriller",I KNOW WHAT YOU DID LAST SUMMER,https://ecran-total.fr/wp-content/uploads/2025/02/I-Know-What-You-Did-Last-Summer-3-4-201x300.webp
16/07/2025,Thriller,DES FEUX DANS LA PLAINE,https://ecran-total.fr/wp-content/uploads/2025/04/Des-feux-dans-la-plaine-3-4-225x300.webp
23/07/2025,Aventure,LES 4 FANTASTIQUES : PREMIERS PAS,https://ecran-total.fr/wp-content/uploads/2025/02/Les-4-Fantastiques-premiers-pas-3-4-225x300.webp
23/07/2025,"Horreur, Thriller",DANGEROUS ANIMALS,https://ecran-total.fr/wp-content/uploads/2023/11/PRODUCTIONS-1.png
23/07/2025,Thriller,"POOJA, SIR",https://ecran-total.fr/wp-content/uploads/2023/11/PRODUCTIONS-1.png
23/07/2025,Comédie dramatique,AUX JOURS QUI VIENNENT,https://ecran-total.fr/wp-content/uploads/2023/11/PRODUCTIONS-1.png
23/07/2025,Drame,"SORRY, BABY",https://ecran-total.fr/wp-content/uploads/2025/04/Sorry-Baby-3-4-225x300.webp
30/07/2025,Fantastique,DRACULA,https://ecran-total.fr/wp-content/uploads/2023/11/PRODUCTIONS-1.png
30/07/2025,"Comédie, Drame",SAM FAIT PLUS RIRE,https://ecran-total.fr/wp-content/uploads/2024/07/I-Used-to-Be-Funny-3-4-225x300.webp
30/07/2025,"Drame, Romance",TOUCH,https://ecran-total.fr/wp-content/uploads/2024/12/Touch-3-4-203x300.webp
06/08/2025,"Horreur, Thriller",OTHER,https://ecran-total.fr/wp-content/uploads/2023/11/PRODUCTIONS-1.png
06/08/2025,Comédie,Y A-T-IL UN FLIC POUR SAUVER LE MONDE ?,https://ecran-total.fr/wp-content/uploads/2023/11/PRODUCTIONS-1.png
06/08/2025,"Horreur, Thriller",WEAPONS,https://ecran-total.fr/wp-content/uploads/2023/11/PRODUCTIONS-1.png
06/08/2025,Comédie,Y A PAS DE RÉSEAU,https://ecran-total.fr/wp-content/uploads/2023/11/PRODUCTIONS-1.png
06/08/2025,Comédie,FREAKY FRIDAY 2,https://ecran-total.fr/wp-content/uploads/2024/07/Freaky-Friday-2-affiche-210x300.webp
06/08/2025,Comédie,FREAKIER FRIDAY,https://ecran-total.fr/wp-content/uploads/2024/10/Freakier-Friday-3-4-225x300.webp
13/08/2025,"Action, Aventure",KARATE KID,https://ecran-total.fr/wp-content/uploads/2022/11/Karate-Kid-Legends-Affiche-1-225x300.webp
13/08/2025,Animation,FLEAK,https://ecran-total.fr/wp-content/uploads/2024/01/Design-sans-titre-2024-01-15T113727.663-225x300.png
13/08/2025,"Action, Comédie",NOBODY 2,https://ecran-total.fr/wp-content/uploads/2023/11/PRODUCTIONS-1.png
13/08/2025,Comédie,BAGARRE,https://ecran-total.fr/wp-content/uploads/2023/11/PRODUCTIONS-1.png
13/08/2025,"Drame, Thriller",BRIEF HISTORY OF A FAMILY,https://ecran-total.fr/wp-content/uploads/2025/01/Brief-History-of-a-Family-affiche-200x300.webp
20/08/2025,"Comédie, Comédie dramatique, Drame",SENTIMENTAL VALUE,https://ecran-total.fr/wp-content/uploads/2023/11/PRODUCTIONS-1.png
20/08/2025,Drame,YELLOW LETTERS,https://ecran-total.fr/wp-content/uploads/2024/06/Yellow-Letters-3-4-212x300.webp
20/08/2025,Action,LES ORPHELINS,https://ecran-total.fr/wp-content/uploads/2023/11/PRODUCTIONS-1.png
20/08/2025,Horreur,LA NUIT DES CLOWNS,https://ecran-total.fr/wp-content/uploads/2023/11/PRODUCTIONS-1.png
20/08/2025,"Drame, Horreur",SALVE MARIA,https://ecran-total.fr/wp-content/uploads/2025/04/Salve-Maria-3-4-203x300.webp
27/08/2025,Action,BADH,https://ecran-total.fr/wp-content/uploads/2023/11/PRODUCTIONS-1.png
27/08/2025,"Polar, Thriller",CAUGHT STEALING,https://ecran-total.fr/wp-content/uploads/2023/11/PRODUCTIONS-1.png
27/08/2025,Drame,EN PREMIÈRE LIGNE,https://ecran-total.fr/wp-content/uploads/2025/03/En-premiere-ligne-3-4-212x300.webp
27/08/2025,Comédie,THE ROSES,https://ecran-total.fr/wp-content/uploads/2023/11/PRODUCTIONS-1.png
27/08/2025,"Action, Comédie",ESCAPE FROM THE 21ˢᵗ CENTURY,https://ecran-total.fr/wp-content/uploads/2025/04/Escape-from-the-21st-Centuryv-affiche-212x300.webp
03/09/2025,Drame,EGOÏST,https://ecran-total.fr/wp-content/uploads/2024/10/Egoist-3-4-212x300.webp
03/09/2025,Comédie,ADIEU JEAN-PAT,https://ecran-total.fr/wp-content/uploads/2023/11/PRODUCTIONS-1.png
03/09/2025,Documentaire,LA CASA,https://ecran-total.fr/wp-content/uploads/2023/11/PRODUCTIONS-1.png
10/09/2025,Comédie,FILS DE,https://ecran-total.fr/wp-content/uploads/2023/11/PRODUCTIONS-1.png
10/09/2025,Documentaire,I AM THE FUTURE,https://ecran-total.fr/wp-content/uploads/2024/10/I-am-the-Future-affiche-200x300.webp
10/09/2025,"Horreur, Thriller",CONJURING : L’HEURE DU JUGEMENT,https://ecran-total.fr/wp-content/uploads/2025/02/The-Conjuring-Last-Rites-3-4-225x300.webp
10/09/2025,Thriller,UN SIMPLE ACCIDENT,https://ecran-total.fr/wp-content/uploads/2023/11/PRODUCTIONS-1.png
17/09/2025,"Drame, Fantastique",LA TOUR DE GLACE,https://ecran-total.fr/wp-content/uploads/2023/11/La-Tour-de-glace-3-4-225x300.webp
17/09/2025,"Science fiction, Thriller",DALLOWAY,https://ecran-total.fr/wp-content/uploads/2023/11/PRODUCTIONS-1.png
17/09/2025,Documentaire,BARDOT,https://ecran-total.fr/wp-content/uploads/2024/09/1468865_poster_scale_480x640-225x300.jpg
17/09/2025,Drame,PANOPTICON,https://ecran-total.fr/wp-content/uploads/2025/02/Panopticon-3-4-212x300.webp
17/09/2025,"Action, Animation",DEMON SLAYER : KIMETSU NO YAIBA – LA FORTERESSE INFINIE,https://ecran-total.fr/wp-content/uploads/2025/03/Demon-Slayer-Kimetsu-No-Yaiba-–-La-Forteresse-infinie-affiche-199x300.webp
24/09/2025,Horreur,HIM,https://ecran-total.fr/wp-content/uploads/2023/11/PRODUCTIONS-1.png
24/09/2025,Drame,LES BRAISES,https://ecran-total.fr/wp-content/uploads/2023/11/PRODUCTIONS-1.png
24/09/2025,Comédie,L’HOMME QUI A VU L’OURS QUI A VU L’HOMME,https://ecran-total.fr/wp-content/uploads/2023/11/PRODUCTIONS-1.png
24/09/2025,Comédie dramatique,ELLA MCCAY,https://ecran-total.fr/wp-content/uploads/2023/11/PRODUCTIONS-1.png
24/09/2025,Comédie dramatique,CLASSE MOYENNE,https://ecran-total.fr/wp-content/uploads/2023/11/PRODUCTIONS-1.png
24/09/2025,Drame,UNE BATAILLE APRÈS L’AUTRE,https://ecran-total.fr/wp-content/uploads/2025/03/One-Battle-After-Another-3-4-225x300.webp
24/09/2025,Non classé,SUKKWAN ISLAND,https://ecran-total.fr/wp-content/uploads/2023/11/PRODUCTIONS-1.png
24/09/2025,Comédie dramatique,TKT,https://ecran-total.fr/wp-content/uploads/2025/04/TKT-affiche-225x300.webp
01/10/2025,Drame,LA PETITE DERNIÈRE,https://ecran-total.fr/wp-content/uploads/2023/01/La-Petite-Derniere-3-4-225x300.webp
01/10/2025,Horreur,SAW XI,https://ecran-total.fr/wp-content/uploads/2024/04/Saw-XI-affiche-225x300.webp
01/10/2025,"Biopic, Drame, Histoire",MICHAEL,https://ecran-total.fr/wp-content/uploads/2024/07/Film-Michael-2025-214x300.webp
01/10/2025,Drame,L’INTÉRÊT D’ADAM,https://ecran-total.fr/wp-content/uploads/2023/11/PRODUCTIONS-1.png
01/10/2025,Biopic,MOI QUI T’AIMAIS,https://ecran-total.fr/wp-content/uploads/2023/11/PRODUCTIONS-1.png
01/10/2025,"Aventure, Drame",A BIG BOLD BEAUTIFUL JOURNEY,https://ecran-total.fr/wp-content/uploads/2025/03/A-Big-Bold-Beautiful-Journey-3-4-225x300.webp
01/10/2025,Drame,COUTURES,https://ecran-total.fr/wp-content/uploads/2023/11/PRODUCTIONS-1.png
08/10/2025,Animation,SUPER GRAND PRIX,https://ecran-total.fr/wp-content/uploads/2023/11/Super-Grand-Prix-affiche-220x300.webp
08/10/2025,Comédie dramatique,NOUVELLE VAGUE,https://ecran-total.fr/wp-content/uploads/2023/11/PRODUCTIONS-1.png
08/10/2025,"Action, Animation, Science fiction",TRON : ARES,https://ecran-total.fr/wp-content/uploads/2024/05/Tron-Ares-affiche-202x300.webp
08/10/2025,"Animation, Aventure, Comédie",GABBY’S DOLLHOUSE : THE MOVIE,https://ecran-total.fr/wp-content/uploads/2023/11/PRODUCTIONS-1.png
08/10/2025,Comédie,C’ÉTAIT MIEUX DEMAIN,https://ecran-total.fr/wp-content/uploads/2023/11/PRODUCTIONS-1.png
08/10/2025,"Polar, Thriller",SILVER STAR,https://ecran-total.fr/wp-content/uploads/2025/02/Silver-Star-3-4-225x300.webp
15/10/2025,"Animation, Biopic",MARCEL ET MONSIEUR PAGNOL,https://ecran-total.fr/wp-content/uploads/2022/02/Marcel-et-monsieur-Pagnol-affiche-220x300.webp
15/10/2025,"Horreur, Thriller",THE BLACK PHONE 2,https://ecran-total.fr/wp-content/uploads/2023/11/PRODUCTIONS-1.png
15/10/2025,"Action, Polar, Science fiction",CHIEN 51,https://ecran-total.fr/wp-content/uploads/2023/11/PRODUCTIONS-1.png
15/10/2025,Comédie,LE JOUR G,https://ecran-total.fr/wp-content/uploads/2023/11/PRODUCTIONS-1.png
15/10/2025,Comédie,JOUR G,https://ecran-total.fr/wp-content/uploads/2023/11/PRODUCTIONS-1.png
22/10/2025,Animation,LE SECRET DES MÉSANGES,https://ecran-total.fr/wp-content/uploads/2022/10/Le-Secret-des-mesanges-affiche-225x300.webp
22/10/2025,Drame,LES AIGLES DE LA RÉPUBLIQUE,https://ecran-total.fr/wp-content/uploads/2023/11/PRODUCTIONS-1.png
22/10/2025,"Aventure, Science fiction",L'HOMME QUI RETRECIT,https://ecran-total.fr/wp-content/uploads/2023/11/PRODUCTIONS-1.png
22/10/2025,"Action, Aventure",MORTAL KOMBAT II,https://ecran-total.fr/wp-content/uploads/2024/06/Mortal-Kombat-II-3-4-225x300.webp
22/10/2025,Comédie,"KAAMELOTT, DEUXIÈME VOLET (PARTIE 1)",https://ecran-total.fr/wp-content/uploads/2024/09/kaamelott-3-4-225x300.webp
22/10/2025,Aventure,YOROÏ,https://ecran-total.fr/wp-content/uploads/2023/11/PRODUCTIONS-1.png
22/10/2025,Documentaire,LES CAVALIERS DES TERRES SAUVAGES,https://ecran-total.fr/wp-content/uploads/2025/01/Les-Cavaliers-des-terres-sauvages-3-4-225x300.webp
29/10/2025,Comédie dramatique,LA FEMME LA PLUS RICHE DU MONDE,https://ecran-total.fr/wp-content/uploads/2023/11/PRODUCTIONS-1.png
29/10/2025,Biopic,THE SMASHING MACHINE,https://ecran-total.fr/wp-content/uploads/2023/11/PRODUCTIONS-1.png
05/11/2025,Science fiction,PREDATOR : BADLANDS,https://ecran-total.fr/wp-content/uploads/2023/11/PRODUCTIONS-1.png
05/11/2025,Drame,LES RÊVEURS,https://ecran-total.fr/wp-content/uploads/2025/01/Isabelle-Carre-3-4-225x300.webp
05/11/2025,"Comédie, Science fiction",BUGONIA,https://ecran-total.fr/wp-content/uploads/2023/11/PRODUCTIONS-1.png
05/11/2025,Science fiction,RUNNING MAN,https://ecran-total.fr/wp-content/uploads/2023/11/PRODUCTIONS-1.png
12/11/2025,Comédie,LA BONNE ÉTOILE,https://ecran-total.fr/wp-content/uploads/2023/11/PRODUCTIONS-1.png
19/11/2025,"Polar, Thriller",DOSSIER 137,https://ecran-total.fr/wp-content/uploads/2024/11/Dossier-137-3-4-225x300.webp
19/11/2025,Animation,THELMA DU PAYS DES GLACES,https://ecran-total.fr/wp-content/uploads/2023/11/PRODUCTIONS-1.png
26/11/2025,"Aventure, Comédie, Fantastique",WICKED PART 2,https://ecran-total.fr/wp-content/uploads/2023/02/Wicked-_Part_Two-200x300.webp
26/11/2025,"Animation, Aventure, Comédie",ZOOTOPIE 2,https://ecran-total.fr/wp-content/uploads/2023/11/PRODUCTIONS-1.png
26/11/2025,Drame,VIE PRIVÉE,https://ecran-total.fr/wp-content/uploads/2023/11/PRODUCTIONS-1.png
03/12/2025,"Horreur, Thriller",FIVE NIGHTS AT FREDDY’S 2,https://ecran-total.fr/wp-content/uploads/2024/07/MV5BZTNjZTRiMzEtMmFlZi00ODQ4LTg0NzgtMjJhMDZjZmM2MjkxXkEyXkFqcGdeQXVyMTI2MjMzMzc0._V1_-225x300.jpg
10/12/2025,Aventure,CHER PÈRE NOËL,https://ecran-total.fr/wp-content/uploads/2023/11/PRODUCTIONS-1.png
10/12/2025,Comédie,CHASSE GARDÉE 2,https://ecran-total.fr/wp-content/uploads/2025/02/Chasse-gardee-2-3-4-225x300.webp
17/12/2025,"Action, Aventure",AVATAR : FIRE AND ASH,https://ecran-total.fr/wp-content/uploads/2024/08/Avartar-Fire-and-Ash-3-4-225x300.webp
17/12/2025,Animation,HEIDI ET LE LYNX DES MONTAGNES,https://ecran-total.fr/wp-content/uploads/2025/02/Heidi-Rescue-of-the-Lynx-3-4-212x300.webp
17/12/2025,"Aventure, Comédie",KANGOUROU,https://ecran-total.fr/wp-content/uploads/2023/11/PRODUCTIONS-1.png
17/12/2025,Non classé,LE CHANT DES FORÊTS,https://ecran-total.fr/wp-content/uploads/2023/11/PRODUCTIONS-1.png
24/12/2025,"Action, Aventure","BOB L’ÉPONGE, LE FILM : À LA RECHERCHE DE L’ÉPONGE PERDUE",https://ecran-total.fr/wp-content/uploads/2025/01/Sponge-Bob-3-4-1-225x300.webp
24/12/2025,Comédie,LES PARFAIT(S),https://ecran-total.fr/wp-content/uploads/2023/11/PRODUCTIONS-1.png
07/01/2026,"Horreur, Thriller",SOULM8TE,https://ecran-total.fr/wp-content/uploads/2023/11/PRODUCTIONS-1.png
28/01/2026,Thriller,GOUROU,https://ecran-total.fr/wp-content/uploads/2023/11/PRODUCTIONS-1.png
28/01/2026,Comédie,CHERS PARENTS,https://ecran-total.fr/wp-content/uploads/2023/11/PRODUCTIONS-1.png
28/01/2026,"Animation, Aventure","LES LÉGENDAIRES, LE FILM",https://ecran-total.fr/wp-content/uploads/2025/02/Les-Legendaires-3-4-240x300.webp
28/01/2026,"Animation, Aventure",LA LÉGENDE DE AANG - LE DERNIER MAÎTRE DE L’AIR,https://ecran-total.fr/wp-content/uploads/2023/11/PRODUCTIONS-1.png
28/01/2026,Horreur,SEND HELP,https://ecran-total.fr/wp-content/uploads/2023/11/PRODUCTIONS-1.png
04/02/2026,Comédie,MARSUPILAMI,https://ecran-total.fr/wp-content/uploads/2023/11/PRODUCTIONS-1.png
11/02/2026,Drame,LES ENFANTS DE LA RÉSISTANCE,https://ecran-total.fr/wp-content/uploads/2023/11/PRODUCTIONS-1.png
11/02/2026,Comédie,L’INFILTRÉE,https://ecran-total.fr/wp-content/uploads/2023/11/PRODUCTIONS-1.png
18/02/2026,Animation,GOAT,https://ecran-total.fr/wp-content/uploads/2023/11/PRODUCTIONS-1.png
25/02/2026,Animation,THE CAT IN THE HAT,https://ecran-total.fr/wp-content/uploads/2024/03/The-Cat-in-the-Hat-3-4-225x300.webp
25/02/2026,Horreur,SCREAM VII,https://ecran-total.fr/wp-content/uploads/2023/11/PRODUCTIONS-1.png
04/03/2026,"Fantastique, Horreur",THE BRIDE !,https://ecran-total.fr/wp-content/uploads/2024/03/the-bride-300x169.jpeg
04/03/2026,Animation,HOPPERS,https://ecran-total.fr/wp-content/uploads/2024/08/39985f15d4aa79c1462e95fd5b8f567d-221x300.jpg
08/04/2026,Comédie,COCORICO 2,https://ecran-total.fr/wp-content/uploads/2023/11/PRODUCTIONS-1.png
20/05/2026,"Aventure, Fantastique, Science fiction",THE MANDALORIAN & GROGU,https://ecran-total.fr/wp-content/uploads/2024/05/4232996-221x300.webp
10/06/2026,"Comédie, Horreur",SCARY MOVIE 6,https://ecran-total.fr/wp-content/uploads/2025/02/Scary-Movie-6-3-4-225x300.webp
24/06/2026,"Action, Fantastique, Science fiction",SUPERGIRL : WOMAN OF TOMORROW,https://ecran-total.fr/wp-content/uploads/2023/11/PRODUCTIONS-1.png
08/07/2026,"Aventure, Comédie",MOANA,https://ecran-total.fr/wp-content/uploads/2023/11/PRODUCTIONS-1.png
29/07/2026,Animation,PAW PATROL 3,https://ecran-total.fr/wp-content/uploads/2023/11/PRODUCTIONS-1.png
29/07/2026,Action,SPIDER-MAN : BRAND NEW DAY,https://ecran-total.fr/wp-content/uploads/2025/02/Spider-man-Brand-New-Day-3-4-225x300.webp
12/08/2026,Thriller,FLOWERVALE STREET,https://ecran-total.fr/wp-content/uploads/2023/11/PRODUCTIONS-1.png
26/08/2026,"Action, Animation",TADEO JONES 4,https://ecran-total.fr/wp-content/uploads/2025/03/Tadeo-Jones-225x300.webp
26/08/2026,Animation,TADEO JONES 4,https://ecran-total.fr/wp-content/uploads/2023/11/PRODUCTIONS-1.png
23/09/2026,"Fantastique, Romance",LE FANTÔME DE L'OPÉRA,https://ecran-total.fr/wp-content/uploads/2023/11/PRODUCTIONS-1.png
30/09/2026,"Action, Aventure, Drame",THE BATMAN PART II,https://ecran-total.fr/wp-content/uploads/2023/02/The-Batman-Part-II-201x300.jpg
07/10/2026,Comédie,DUCOBU ET LE FANTÔME DE SAINT POTACHE,https://ecran-total.fr/wp-content/uploads/2023/11/PRODUCTIONS-1.png
14/10/2026,Non classé,TEENAGE MUTANT NINJA TURTLES 2,https://ecran-total.fr/wp-content/uploads/2023/11/PRODUCTIONS-1.png
14/10/2026,Animation,Astérix – Le Royaume de Nubie,https://ecran-total.fr/wp-content/uploads/2023/11/PRODUCTIONS-1.png
09/12/2026,"Action, Aventure",JUMANJI 3,https://ecran-total.fr/wp-content/uploads/2023/11/PRODUCTIONS-1.png
16/12/2026,Animation,L'ÂGE DE GLACE 6,https://ecran-total.fr/wp-content/uploads/2024/12/Ice-Age-6-3-4-225x300.webp
27/01/2027,Animation,ANGRY BIRDS 3,https://ecran-total.fr/wp-content/uploads/2025/04/Angry-Birds-3-3-4-225x300.webp
03/02/2027,Action,FANTÔMAS,https://ecran-total.fr/wp-content/uploads/2023/11/PRODUCTIONS-1.png
03/02/2027,"Animation, Aventure, Science fiction",WINGS OF FREEDOM,https://ecran-total.fr/wp-content/uploads/2023/11/PRODUCTIONS-1.png
24/03/2027,"Animation, Aventure",SONIC 4,https://ecran-total.fr/wp-content/uploads/2025/01/Sonic-4-3-4-225x300.webp
24/03/2027,Action,THE LEGEND OF ZELDA,https://ecran-total.fr/wp-content/uploads/2023/11/PRODUCTIONS-1.png
02/06/2027,"Action, Animation",SPIDER-MAN: BEYOND THE SPIDER-VERSE,https://ecran-total.fr/wp-content/uploads/2023/11/PRODUCTIONS-1.png
30/06/2027,"Animation, Aventure, Comédie",LES MINIONS 3,https://ecran-total.fr/wp-content/uploads/2023/11/PRODUCTIONS-1.png
23/07/2027,"Animation, Aventure, Comédie",BAD FAIRIES,https://ecran-total.fr/wp-content/uploads/2023/11/PRODUCTIONS-1.png
03/11/2027,Comédie,MARGIE CLAUS,https://ecran-total.fr/wp-content/uploads/2023/11/PRODUCTIONS-1.png
05/04/2028,Biopic,THE BEATLES - FOUR FILMS,https://ecran-total.fr/wp-content/uploads/2023/11/PRODUCTIONS-1.png
